id1;id2;class
573;38984;DPL
280;38662;DPL
280;25684;DPL
280;34722;DPL
294;62163;DPL
294;45123;DPL
1556;34085;DPL
1556;37764;DPL
1556;18988;DPL
1007;26172;DPL
1007;21661;DPL
1540;9476;DPL
1540;3223;DPL
1540;16109;DPL
1540;61987;DPL
1540;58229;DPL
1540;54034;DPL
1540;38081;DPL
1540;13242;DPL
1540;5312;DPL
1540;46592;DPL
1239;21140;DPL
1239;12405;DPL
1239;21550;DPL
1239;7316;DPL
1239;16442;DPL
1239;5217;DPL
1239;18950;DPL
780;48389;DPL
780;65231;DPL
780;4931;DPL
1048;26275;DPL
1048;19362;DPL
1048;19911;DPL
1048;61389;DPL
1048;55563;DPL
997;31293;DPL
997;34221;DPL
997;50079;DPL
997;40091;DPL
997;5576;DPL
997;35916;DPL
997;44370;DPL
1023;25332;DPL
1023;66611;DPL
1023;16297;DPL
1023;2792;DPL
1023;19244;DPL
1423;15916;DPL
1090;14193;DPL
1090;24250;DPL
1090;10418;DPL
1422;10204;DPL
1422;56420;DPL
1422;17041;DPL
1422;65699;DPL
1422;35040;DPL
1422;62573;DPL
1422;4174;DPL
1422;13200;DPL
1422;58898;DPL
959;25661;DPL
959;15023;DPL
959;2912;DPL
959;12127;DPL
1100;49264;DPL
1177;52994;DPL
1177;20520;DPL
1177;50755;DPL
1177;53845;DPL
1177;35407;DPL
1177;24330;DPL
1038;55794;DPL
1548;42703;DPL
1309;12742;DPL
1309;21457;DPL
745;28613;DPL
745;16058;DPL
1478;64175;DPL
1478;17693;DPL
1478;59926;DPL
1478;9247;DPL
644;34009;DPL
644;36952;DPL
1468;37353;DPL
1468;37662;DPL
1468;10502;DPL
490;52510;DPL
340;17865;DPL
904;22316;DPL
904;28040;DPL
941;48900;DPL
941;52962;DPL
754;41705;DPL
754;26900;DPL
754;40199;DPL
710;66014;DPL
710;58037;DPL
440;21706;DPL
673;40964;DPL
673;10674;DPL
1342;20374;DPL
1342;33754;DPL
1342;60071;DPL
1342;34557;DPL
1342;4439;DPL
469;41000;DPL
1852;31652;DPL
717;25810;DPL
270;20996;DPL
270;19557;DPL
1130;48747;DPL
1130;39606;DPL
1130;51977;DPL
1130;51410;DPL
1130;14716;DPL
1130;33292;DPL
1130;42892;DPL
1130;23150;DPL
1130;24503;DPL
1130;24216;DPL
1130;6575;DPL
277;34648;DPL
884;32577;DPL
796;45817;DPL
1759;55850;DPL
263;41170;DPL
976;34361;DPL
976;49854;DPL
976;47108;DPL
976;58767;DPL
976;46274;DPL
475;56696;DPL
475;65558;DPL
1188;11427;DPL
1188;7151;DPL
1188;2734;DPL
747;33523;DPL
747;14104;DPL
747;36888;DPL
747;38079;DPL
434;19918;DPL
434;11940;DPL
434;17572;DPL
1274;44353;DPL
1263;42653;DPL
1263;52753;DPL
1263;48230;DPL
1020;39614;DPL
1020;40428;DPL
1020;44459;DPL
1020;61952;DPL
1020;47455;DPL
1020;31849;DPL
891;28272;DPL
561;40506;DPL
435;31484;DPL
435;30716;DPL
435;24040;DPL
212;65817;DPL
212;45528;DPL
212;2819;DPL
1595;41286;DPL
1595;50509;DPL
1291;22015;DPL
1291;7734;DPL
1291;18096;DPL
1291;11879;DPL
1676;7278;DPL
1676;3983;DPL
1676;53345;DPL
1676;28614;DPL
1676;40612;DPL
1647;31747;DPL
1386;59956;DPL
1386;64008;DPL
1386;39482;DPL
1119;43308;DPL
1185;39129;DPL
220;3738;DPL
220;26883;DPL
220;8158;DPL
220;41022;DPL
296;59492;DPL
196;49359;DPL
682;27077;DPL
682;22113;DPL
737;58865;DPL
1755;53430;DPL
1641;22380;DPL
1753;8480;DPL
1753;60922;DPL
1753;24878;DPL
1753;56903;DPL
1753;56763;DPL
1753;6954;DPL
1753;4302;DPL
1753;44424;DPL
1753;63400;DPL
1753;20733;DPL
572;27289;DPL
572;30258;DPL
846;28524;DPL
846;33053;DPL
846;12751;DPL
846;38336;DPL
846;19932;DPL
846;16366;DPL
1040;47895;DPL
1040;51909;DPL
1571;64048;DPL
1571;31962;DPL
1124;5831;DPL
1124;10590;DPL
1124;15456;DPL
1124;26999;DPL
1124;17811;DPL
1124;19617;DPL
1124;21433;DPL
982;55979;DPL
1222;23131;DPL
1132;62925;DPL
1132;12548;DPL
1132;25859;DPL
1132;54976;DPL
1132;47140;DPL
1132;52346;DPL
222;29974;DPL
1248;25971;DPL
1206;56086;DPL
1206;38164;DPL
1206;28134;DPL
1206;25779;DPL
1206;41737;DPL
1206;52605;DPL
1206;63074;DPL
1206;16892;DPL
1369;3723;DPL
1369;59751;DPL
1109;38386;DPL
1109;43030;DPL
1109;46971;DPL
1109;58841;DPL
1109;41453;DPL
916;66395;DPL
916;50823;DPL
916;16040;DPL
916;64576;DPL
1480;19829;DPL
1480;42423;DPL
1480;28481;DPL
1480;47874;DPL
1480;36677;DPL
1480;50324;DPL
1480;59576;DPL
1480;41270;DPL
1480;60878;DPL
1031;27006;DPL
1031;26988;DPL
1499;20541;DPL
1558;4527;DPL
1558;45095;DPL
1558;40963;DPL
1758;31826;DPL
1758;12746;DPL
1758;8009;DPL
1758;26492;DPL
679;40665;DPL
1601;29413;DPL
1601;66606;DPL
937;17098;DPL
1612;62308;DPL
496;44719;DPL
496;42410;DPL
496;38256;DPL
305;29809;DPL
1707;44329;DPL
1707;48513;DPL
1434;57880;DPL
1731;59322;DPL
1828;14436;DPL
1353;32974;DPL
1353;51899;DPL
1353;35884;DPL
1353;34242;DPL
873;5442;DPL
873;48734;DPL
1256;38483;DPL
951;31984;DPL
1524;13279;DPL
1524;19444;DPL
1524;8497;DPL
1524;51947;DPL
1524;57951;DPL
417;26812;DPL
706;16313;DPL
1056;6142;DPL
1493;16720;DPL
602;63183;DPL
1282;57732;DPL
1282;61255;DPL
1282;46407;DPL
1282;32305;DPL
1364;29447;DPL
1364;35156;DPL
462;8644;DPL
630;25914;DPL
630;24225;DPL
630;29339;DPL
299;58922;DPL
299;54891;DPL
1125;41720;DPL
1125;56495;DPL
1125;46525;DPL
1340;29493;DPL
1340;25796;DPL
1340;29667;DPL
877;61886;DPL
877;17709;DPL
877;13201;DPL
877;52656;DPL
971;19314;DPL
971;14482;DPL
971;19679;DPL
1016;38596;DPL
1391;11717;DPL
1391;4463;DPL
1391;15222;DPL
1391;7472;DPL
898;51795;DPL
593;37558;DPL
593;26919;DPL
593;33943;DPL
854;28690;DPL
854;13171;DPL
854;9862;DPL
854;16156;DPL
1196;23099;DPL
1554;26937;DPL
1554;30902;DPL
1554;19185;DPL
1771;25514;DPL
1771;38068;DPL
1771;58502;DPL
1771;8304;DPL
1771;4401;DPL
1730;38229;DPL
1330;50867;DPL
1330;12508;DPL
1330;18905;DPL
1330;40000;DPL
1330;8858;DPL
1330;14645;DPL
1330;29315;DPL
1330;55973;DPL
1330;22944;DPL
1236;39729;DPL
1236;39365;DPL
1236;62728;DPL
1236;34807;DPL
1236;4671;DPL
1236;14550;DPL
1236;57795;DPL
1236;26301;DPL
1236;48733;DPL
1236;65528;DPL
1236;55302;DPL
1236;19750;DPL
1236;43928;DPL
1579;51559;DPL
1579;49244;DPL
1049;9160;DPL
1049;55993;DPL
1049;14023;DPL
1081;60204;DPL
1457;56771;DPL
505;46494;DPL
505;32248;DPL
696;53588;DPL
696;63036;DPL
696;58077;DPL
539;13826;DPL
539;13175;DPL
539;9112;DPL
1804;24648;DPL
1674;30382;DPL
1674;6271;DPL
1674;36278;DPL
1674;30656;DPL
483;63419;DPL
1454;6331;DPL
1454;6487;DPL
1454;38385;DPL
1454;10503;DPL
1454;12966;DPL
1454;21779;DPL
1454;19605;DPL
1454;25682;DPL
1454;53856;DPL
405;41494;DPL
1625;49228;DPL
662;26140;DPL
586;55768;DPL
641;45184;DPL
936;29508;DPL
936;61119;DPL
936;58096;DPL
619;21309;DPL
619;65972;DPL
619;13402;DPL
880;30586;DPL
880;26500;DPL
880;65453;DPL
1815;6752;DPL
1083;10199;DPL
1778;34463;DPL
1778;23575;DPL
1778;62097;DPL
1778;10824;DPL
1778;3032;DPL
1778;15164;DPL
1778;6880;DPL
1778;40182;DPL
1312;27696;DPL
1312;23049;DPL
1312;24033;DPL
1312;26090;DPL
1312;22065;DPL
1713;58623;DPL
1713;47887;DPL
1713;15223;DPL
1713;45847;DPL
1713;8378;DPL
1285;38635;DPL
1285;44190;DPL
1285;8004;DPL
1285;33473;DPL
1285;15350;DPL
1381;15634;DPL
1381;31147;DPL
1381;12401;DPL
1381;20312;DPL
711;18753;DPL
711;25441;DPL
739;65349;DPL
739;61721;DPL
762;25513;DPL
1850;22056;DPL
1850;16919;DPL
1850;25065;DPL
1817;9987;DPL
1817;52914;DPL
1246;44115;DPL
1079;58367;DPL
1148;53194;DPL
1148;60074;DPL
901;55877;DPL
1350;59557;DPL
1350;55332;DPL
1350;51502;DPL
407;39240;DPL
407;19724;DPL
1277;53537;DPL
432;58478;DPL
432;66046;DPL
432;3352;DPL
888;61964;DPL
888;56948;DPL
764;28260;DPL
764;40450;DPL
1057;33661;DPL
1057;37843;DPL
1057;26865;DPL
1057;23651;DPL
544;32612;DPL
544;38008;DPL
1094;53064;DPL
1094;56991;DPL
1094;47078;DPL
1094;63779;DPL
945;48572;DPL
945;44384;DPL
1378;46520;DPL
1378;53589;DPL
1383;66462;DPL
1383;63011;DPL
1383;17788;DPL
1383;60613;DPL
1383;56390;DPL
597;28426;DPL
597;55188;DPL
1617;24404;DPL
1617;16475;DPL
1429;56650;DPL
356;39724;DPL
356;44909;DPL
494;26256;DPL
494;33197;DPL
213;13687;DPL
341;40399;DPL
1172;33764;DPL
1172;16293;DPL
1172;39407;DPL
1172;51245;DPL
1172;39752;DPL
1172;42281;DPL
1172;35831;DPL
1172;32398;DPL
999;8584;DPL
999;12495;DPL
999;14667;DPL
1096;48090;DPL
1096;43194;DPL
1096;65440;DPL
1096;27924;DPL
1096;38477;DPL
1230;48540;DPL
1230;46669;DPL
1230;13603;DPL
1327;50781;DPL
1327;41928;DPL
1327;38401;DPL
1451;28829;DPL
1451;20398;DPL
1451;24208;DPL
1451;25937;DPL
889;23101;DPL
889;17164;DPL
825;66725;DPL
704;14861;DPL
289;66518;DPL
289;56123;DPL
715;44006;DPL
715;33865;DPL
715;54638;DPL
517;63883;DPL
844;64296;DPL
844;5295;DPL
844;8985;DPL
844;31109;DPL
844;58307;DPL
844;14758;DPL
844;40757;DPL
1725;58741;DPL
1725;37047;DPL
1725;18828;DPL
1725;44305;DPL
575;37346;DPL
1211;37000;DPL
603;44396;DPL
603;48070;DPL
603;39710;DPL
1509;27495;DPL
1509;30531;DPL
1509;33530;DPL
1136;35367;DPL
1136;31500;DPL
425;7798;DPL
855;51643;DPL
855;64830;DPL
855;61629;DPL
548;40605;DPL
1272;31903;DPL
1489;40174;DPL
1489;4080;DPL
1489;22415;DPL
1489;22629;DPL
1489;63678;DPL
1489;13376;DPL
769;29053;DPL
1720;31862;DPL
1720;35939;DPL
1720;4267;DPL
1720;14399;DPL
1720;16838;DPL
1720;24926;DPL
1720;38588;DPL
1720;21008;DPL
1460;50167;DPL
1460;19303;DPL
1460;21033;DPL
1460;35056;DPL
852;42266;DPL
852;45496;DPL
852;40991;DPL
852;35815;DPL
852;42883;DPL
852;66851;DPL
391;49895;DPL
391;41547;DPL
391;18044;DPL
391;36907;DPL
391;48807;DPL
678;53530;DPL
1257;4114;DPL
1257;47623;DPL
1257;54247;DPL
1257;56955;DPL
1163;44199;DPL
1163;23638;DPL
1163;57789;DPL
1163;65426;DPL
1163;60479;DPL
1163;17330;DPL
1163;53784;DPL
1168;28386;DPL
1168;29688;DPL
1226;14794;DPL
383;65802;DPL
1464;64688;DPL
1464;46554;DPL
1464;43508;DPL
1464;21871;DPL
1396;35678;DPL
1396;24395;DPL
1396;35064;DPL
1750;55885;DPL
1750;11949;DPL
1750;22492;DPL
1750;2858;DPL
1677;19638;DPL
1768;27019;DPL
1513;40849;DPL
1792;29994;DPL
1792;50461;DPL
788;51900;DPL
592;59742;DPL
466;5135;DPL
466;8785;DPL
304;30630;DPL
304;19708;DPL
304;31277;DPL
304;26231;DPL
583;15914;DPL
1320;44197;DPL
1320;56931;DPL
1320;52585;DPL
962;63491;DPL
320;22593;DPL
1809;56014;DPL
1619;18876;DPL
1619;4432;DPL
1619;32819;DPL
1190;43449;DPL
1740;39255;DPL
197;58289;DPL
530;12258;DPL
530;25281;DPL
530;17126;DPL
613;12530;DPL
613;4425;DPL
513;13639;DPL
513;14690;DPL
513;25405;DPL
513;18822;DPL
1545;16078;DPL
1545;4932;DPL
933;58461;DPL
301;53382;DPL
301;30938;DPL
301;44050;DPL
301;49222;DPL
217;64195;DPL
651;5117;DPL
651;65868;DPL
691;28656;DPL
691;25852;DPL
314;60128;DPL
314;40687;DPL
430;27922;DPL
430;47810;DPL
430;52016;DPL
1151;61932;DPL
1654;13673;DPL
1068;59893;DPL
1068;36012;DPL
1068;7355;DPL
1068;38888;DPL
1068;22622;DPL
1068;36289;DPL
1068;16303;DPL
1068;12759;DPL
1068;3876;DPL
1068;17704;DPL
1068;19812;DPL
1068;29837;DPL
1764;59112;DPL
731;29620;DPL
516;60246;DPL
516;64089;DPL
1853;43411;DPL
1853;7220;DPL
1853;9008;DPL
1853;31475;DPL
1853;60266;DPL
1487;58321;DPL
1487;7220;DPL
1487;45850;DPL
1487;51542;DPL
1487;50440;DPL
1487;62770;DPL
1487;43505;DPL
481;45447;DPL
481;50558;DPL
481;46812;DPL
1106;25486;DPL
1528;30469;DPL
1306;45962;DPL
1306;30188;DPL
1034;23913;DPL
1034;21002;DPL
687;9675;DPL
687;45099;DPL
687;55560;DPL
1681;45366;DPL
1681;33755;DPL
1074;50460;DPL
1606;8832;DPL
373;4048;DPL
373;9718;DPL
1639;30740;DPL
1072;13076;DPL
1072;3173;DPL
1072;16702;DPL
1794;40966;DPL
639;34064;DPL
639;37498;DPL
639;43938;DPL
639;48752;DPL
210;7634;DPL
210;36303;DPL
1656;13767;DPL
1544;5839;DPL
1544;36382;DPL
1544;10078;DPL
1544;43643;DPL
1544;27772;DPL
1544;36661;DPL
1544;19201;DPL
1544;42470;DPL
1544;37565;DPL
1544;18839;DPL
1544;17127;DPL
1544;13763;DPL
1544;23811;DPL
1715;7071;DPL
1715;3416;DPL
1715;64492;DPL
1715;26747;DPL
1715;35482;DPL
1715;26253;DPL
1715;3201;DPL
1715;40729;DPL
1715;61506;DPL
858;63709;DPL
858;62582;DPL
858;29573;DPL
1201;39547;DPL
1589;53395;DPL
1589;12064;DPL
1589;43462;DPL
1589;7298;DPL
926;42424;DPL
926;26215;DPL
1796;49736;DPL
1376;60389;DPL
1376;3180;DPL
1376;60291;DPL
1091;52561;DPL
1091;9903;DPL
1091;9407;DPL
1091;46732;DPL
1091;55575;DPL
1091;36247;DPL
1091;34510;DPL
1091;15328;DPL
1091;53929;DPL
618;62954;DPL
1502;42448;DPL
1502;24333;DPL
1502;61867;DPL
1502;43351;DPL
1802;23968;DPL
582;30436;DPL
993;12791;DPL
993;3910;DPL
798;53123;DPL
798;48525;DPL
798;8654;DPL
798;9753;DPL
798;5737;DPL
1411;36314;DPL
1411;37597;DPL
1411;19943;DPL
1411;40532;DPL
1411;54606;DPL
1411;49881;DPL
1411;48808;DPL
1107;7644;DPL
1107;2655;DPL
1613;59573;DPL
1613;51889;DPL
1476;12132;DPL
1476;9824;DPL
522;8789;DPL
522;17230;DPL
522;28342;DPL
522;25210;DPL
522;12329;DPL
1644;19990;DPL
1438;58070;DPL
1438;4403;DPL
1438;11066;DPL
1485;33885;DPL
1485;63868;DPL
1485;59749;DPL
477;56746;DPL
876;52893;DPL
876;56869;DPL
831;52151;DPL
831;48670;DPL
1790;61113;DPL
689;24431;DPL
1470;9068;DPL
1470;66494;DPL
353;19640;DPL
511;49521;DPL
1591;46794;DPL
1591;39781;DPL
1591;45797;DPL
1591;6943;DPL
550;12159;DPL
550;17943;DPL
590;13678;DPL
590;37452;DPL
590;20877;DPL
590;54168;DPL
864;12711;DPL
864;9667;DPL
1520;54465;DPL
1520;52139;DPL
1520;49683;DPL
1076;58346;DPL
1666;59760;DPL
1666;49496;DPL
1666;52468;DPL
1337;44143;DPL
1337;17153;DPL
1337;39703;DPL
958;31690;DPL
751;17351;DPL
751;19034;DPL
751;23568;DPL
1366;56643;DPL
1366;56516;DPL
1366;52520;DPL
1408;40389;DPL
1408;46594;DPL
1408;26626;DPL
1650;66564;DPL
1650;44901;DPL
722;62442;DPL
722;65517;DPL
1180;42687;DPL
1180;50808;DPL
1180;28519;DPL
1180;39610;DPL
1180;35450;DPL
1697;61445;DPL
1697;49201;DPL
1697;3956;DPL
1697;29107;DPL
1697;14726;DPL
1697;7960;DPL
1697;62190;DPL
804;19799;DPL
804;26532;DPL
532;6374;DPL
532;8949;DPL
1368;59774;DPL
1368;15659;DPL
1368;7688;DPL
672;66762;DPL
638;20525;DPL
1169;20035;DPL
1169;20473;DPL
1432;39322;DPL
1432;25864;DPL
1635;40510;DPL
1635;66634;DPL
836;49555;DPL
664;34461;DPL
664;34589;DPL
1811;49552;DPL
1811;38188;DPL
1811;50351;DPL
333;58712;DPL
1504;65294;DPL
1380;25737;DPL
1380;36063;DPL
1288;28630;DPL
1288;34593;DPL
1288;19643;DPL
1288;54068;DPL
1288;22832;DPL
1288;49074;DPL
1288;52769;DPL
1288;10327;DPL
1745;20583;DPL
1745;34302;DPL
1745;4017;DPL
1745;25150;DPL
1745;26097;DPL
1745;5707;DPL
1745;32678;DPL
1745;56879;DPL
1745;21495;DPL
1745;13394;DPL
1410;27215;DPL
1410;4757;DPL
1410;45073;DPL
1410;50239;DPL
1410;41016;DPL
1410;13801;DPL
1410;30351;DPL
1410;27244;DPL
1410;66271;DPL
1410;56792;DPL
1410;16663;DPL
1410;59378;DPL
1410;25531;DPL
1410;19569;DPL
1410;54463;DPL
1410;22286;DPL
1410;50398;DPL
1762;13045;DPL
1762;27130;DPL
1762;20622;DPL
410;12612;DPL
686;52170;DPL
686;44842;DPL
977;49631;DPL
1234;25783;DPL
1616;5879;DPL
1616;42049;DPL
1616;10092;DPL
1616;41562;DPL
1683;45755;DPL
1844;7190;DPL
1154;18067;DPL
393;32310;DPL
393;33645;DPL
393;42696;DPL
533;56453;DPL
1134;17217;DPL
1134;35999;DPL
1134;22333;DPL
1134;27153;DPL
1134;29918;DPL
1134;16587;DPL
1134;44791;DPL
1134;63461;DPL
1134;19434;DPL
1134;58857;DPL
1134;37598;DPL
1134;6981;DPL
1134;18400;DPL
1134;3050;DPL
1134;11919;DPL
1134;55812;DPL
1134;60917;DPL
736;56846;DPL
736;29239;DPL
736;33388;DPL
736;25166;DPL
777;18785;DPL
777;16320;DPL
261;45196;DPL
1402;44369;DPL
1402;40261;DPL
276;8098;DPL
1538;52975;DPL
1538;44312;DPL
1538;64206;DPL
1538;65457;DPL
361;37841;DPL
361;12861;DPL
361;21211;DPL
658;37839;DPL
658;46990;DPL
658;60446;DPL
995;53036;DPL
995;26653;DPL
995;38643;DPL
387;61958;DPL
387;63728;DPL
1694;35165;DPL
1387;32086;DPL
1387;36285;DPL
1387;35314;DPL
1387;50045;DPL
1387;30012;DPL
1387;59304;DPL
1387;62456;DPL
1387;54032;DPL
1387;43294;DPL
1085;46323;DPL
1444;45876;DPL
1444;12438;DPL
1832;6761;DPL
1832;61419;DPL
1832;49368;DPL
1447;65200;DPL
1289;9666;DPL
1289;17597;DPL
1289;48260;DPL
1324;66296;DPL
1324;30033;DPL
1324;6956;DPL
1324;18231;DPL
626;54842;DPL
626;54224;DPL
626;35147;DPL
611;34006;DPL
811;45473;DPL
811;47929;DPL
811;16737;DPL
811;33917;DPL
811;36218;DPL
811;15287;DPL
811;64954;DPL
811;33953;DPL
811;39684;DPL
811;15670;DPL
811;61656;DPL
811;55917;DPL
811;45943;DPL
472;35114;DPL
472;56503;DPL
1533;28654;DPL
1533;13853;DPL
1533;24166;DPL
1533;23883;DPL
1533;35534;DPL
1533;4563;DPL
1533;48074;DPL
1533;61642;DPL
1533;37712;DPL
1533;25070;DPL
1533;25843;DPL
1533;9311;DPL
1533;14839;DPL
1533;16794;DPL
1533;66231;DPL
381;41152;DPL
867;64246;DPL
1785;3454;DPL
1785;10091;DPL
792;12091;DPL
792;45539;DPL
792;9397;DPL
792;5176;DPL
792;9810;DPL
1284;51164;DPL
1284;57304;DPL
1284;28887;DPL
1284;32674;DPL
1284;59900;DPL
1512;13233;DPL
1512;33359;DPL
1512;22742;DPL
1512;5438;DPL
1512;56101;DPL
464;10226;DPL
616;40023;DPL
616;48012;DPL
616;44416;DPL
1600;26447;DPL
1600;14520;DPL
1600;22412;DPL
1600;19578;DPL
1600;9870;DPL
1012;44451;DPL
1012;56057;DPL
1414;37402;DPL
1414;59876;DPL
986;24026;DPL
986;24159;DPL
986;19348;DPL
458;54651;DPL
458;6605;DPL
458;59356;DPL
1157;18535;DPL
1157;6442;DPL
1303;38959;DPL
1303;17550;DPL
1303;8746;DPL
1303;13251;DPL
1303;51601;DPL
1303;46683;DPL
1303;4618;DPL
1565;63533;DPL
1552;41102;DPL
724;52639;DPL
1769;26642;DPL
1769;22488;DPL
818;32773;DPL
905;34909;DPL
905;36326;DPL
1711;48758;DPL
1711;65917;DPL
1449;37997;DPL
1449;46243;DPL
1436;19571;DPL
1436;24148;DPL
1436;28755;DPL
1436;29332;DPL
1830;46679;DPL
216;17133;DPL
1582;30719;DPL
1705;30677;DPL
1705;25439;DPL
1705;11688;DPL
1705;4602;DPL
1705;22528;DPL
1705;28580;DPL
1705;42986;DPL
1705;57144;DPL
1705;22549;DPL
1705;22904;DPL
1705;60921;DPL
1705;16610;DPL
1705;12513;DPL
1705;40618;DPL
1705;27059;DPL
1705;20860;DPL
1751;16963;DPL
1346;36254;DPL
1346;48644;DPL
1346;59430;DPL
1346;49542;DPL
1346;44377;DPL
1549;32768;DPL
1549;45144;DPL
1549;34910;DPL
728;40890;DPL
949;17116;DPL
949;23748;DPL
949;48657;DPL
949;22260;DPL
924;31543;DPL
924;35101;DPL
1564;60773;DPL
1183;13959;DPL
1183;42314;DPL
1183;35207;DPL
1183;33005;DPL
1734;61078;DPL
608;31569;DPL
886;54478;DPL
1014;61446;DPL
1022;48278;DPL
1022;30200;DPL
1022;52775;DPL
288;9151;DPL
288;60934;DPL
288;23259;DPL
288;3150;DPL
1315;66198;DPL
1315;63218;DPL
1315;35388;DPL
1315;44421;DPL
953;21573;DPL
1036;14602;DPL
829;41019;DPL
829;45210;DPL
821;12193;DPL
273;16505;DPL
1710;29877;DPL
1207;58001;DPL
1207;47370;DPL
726;47767;DPL
726;15338;DPL
551;51768;DPL
1144;40616;DPL
1144;64698;DPL
1144;53291;DPL
401;9645;DPL
401;13778;DPL
700;53643;DPL
379;36331;DPL
1139;17979;DPL
1139;10105;DPL
1139;5994;DPL
1139;61975;DPL
553;6165;DPL
1087;54417;DPL
1087;51913;DPL
473;42617;DPL
473;41011;DPL
1398;26179;DPL
1398;15779;DPL
1398;20165;DPL
1398;66048;DPL
1398;63601;DPL
389;57025;DPL
389;31522;DPL
1442;37946;DPL
1442;65498;DPL
931;50118;DPL
1696;31516;DPL
1696;40412;DPL
357;64371;DPL
357;53406;DPL
357;47900;DPL
357;5812;DPL
1259;63622;DPL
1259;62542;DPL
1787;7145;DPL
1268;19060;DPL
1268;66631;DPL
1268;10060;DPL
733;25333;DPL
733;18979;DPL
733;16429;DPL
733;19684;DPL
733;13560;DPL
1231;11296;DPL
1231;20570;DPL
1231;28513;DPL
1231;38831;DPL
1231;40063;DPL
621;46418;DPL
621;43839;DPL
1820;55890;DPL
344;35702;DPL
675;36578;DPL
1569;8300;DPL
1241;37120;DPL
1241;53913;DPL
1241;50714;DPL
1241;54010;DPL
1192;29642;DPL
1192;34273;DPL
1332;31947;DPL
1332;64475;DPL
1332;24523;DPL
1332;26123;DPL
1332;18256;DPL
859;35656;DPL
859;40731;DPL
413;3460;DPL
1137;10113;DPL
1137;39137;DPL
944;18947;DPL
944;57496;DPL
944;66299;DPL
944;4374;DPL
944;18777;DPL
412;63413;DPL
1294;63288;DPL
1294;60481;DPL
1294;52724;DPL
1318;7306;DPL
1318;4513;DPL
338;35086;DPL
338;26224;DPL
744;53522;DPL
987;3524;DPL
1472;63986;DPL
1717;65407;DPL
1717;58456;DPL
1717;56547;DPL
1717;6727;DPL
1846;3292;DPL
1823;19631;DPL
760;10548;DPL
1064;65821;DPL
1374;11762;DPL
1374;14245;DPL
1374;7721;DPL
842;23056;DPL
1228;26814;DPL
636;61304;DPL
636;12432;DPL
1117;62735;DPL
814;56108;DPL
814;59404;DPL
814;64876;DPL
1010;57440;DPL
1010;40451;DPL
1010;60734;DPL
1010;36014;DPL
258;6353;DPL
258;3857;DPL
258;9634;DPL
447;40239;DPL
447;43948;DPL
684;64561;DPL
647;41096;DPL
647;46447;DPL
660;22134;DPL
438;56080;DPL
438;60843;DPL
438;53417;DPL
1176;60650;DPL
1176;14521;DPL
1270;26624;DPL
1822;26895;DPL
1822;35394;DPL
694;40726;DPL
1005;4609;DPL
840;9998;DPL
610;16994;DPL
610;24344;DPL
610;13487;DPL
1445;15102;DPL
896;33796;DPL
896;47789;DPL
896;53012;DPL
1651;30743;DPL
911;4165;DPL
1466;44696;DPL
1466;54678;DPL
1466;46200;DPL
315;40051;DPL
1692;23545;DPL
1390;32051;DPL
1390;20329;DPL
861;49864;DPL
861;19786;DPL
861;28453;DPL
861;32231;DPL
524;5037;DPL
1194;15049;DPL
1521;20876;DPL
1521;27391;DPL
833;57325;DPL
833;59928;DPL
833;50564;DPL
833;5867;DPL
833;45424;DPL
833;19581;DPL
833;44991;DPL
833;38312;DPL
833;25523;DPL
833;61650;DPL
833;64701;DPL
443;32736;DPL
443;29072;DPL
974;54368;DPL
974;55871;DPL
801;8314;DPL
1199;54292;DPL
1199;47787;DPL
1199;56332;DPL
1041;45843;DPL
1041;50985;DPL
1041;41959;DPL
1333;18730;DPL
1333;2718;DPL
1333;29420;DPL
1333;5446;DPL
1322;16245;DPL
1322;18730;DPL
1322;2718;DPL
1322;29420;DPL
1322;11115;DPL
1210;44411;DPL
1210;61151;DPL
1210;49048;DPL
1210;57124;DPL
1210;52964;DPL
1210;39776;DPL
1344;64587;DPL
757;15401;DPL
311;23899;DPL
1017;10937;DPL
1103;6726;DPL
1103;11791;DPL
1103;2796;DPL
1773;48680;DPL
1773;60771;DPL
1529;30103;DPL
1529;26033;DPL
1560;47878;DPL
386;29366;DPL
564;51046;DPL
579;56762;DPL
368;23939;DPL
468;60056;DPL
400;27689;DPL
400;33545;DPL
400;44963;DPL
400;45735;DPL
400;57080;DPL
400;47671;DPL
400;14410;DPL
400;12156;DPL
627;28376;DPL
1295;7901;DPL
1295;4935;DPL
1295;8200;DPL
286;59143;DPL
964;31177;DPL
964;9119;DPL
964;62325;DPL
964;35541;DPL
1001;17393;DPL
1001;22436;DPL
1001;59583;DPL
1001;26437;DPL
1060;39901;DPL
565;12296;DPL
565;8768;DPL
1743;23662;DPL
1672;22505;DPL
1173;55292;DPL
1658;4793;DPL
939;22299;DPL
1515;37741;DPL
1515;26309;DPL
1781;43148;DPL
1265;2910;DPL
1265;10670;DPL
1265;6522;DPL
1805;38903;DPL
378;56442;DPL
378;35168;DPL
378;29904;DPL
378;24961;DPL
913;12267;DPL
650;58800;DPL
1166;38020;DPL
1166;50982;DPL
1166;13598;DPL
1166;47494;DPL
1166;52474;DPL
224;35324;DPL
224;58385;DPL
369;44937;DPL
1847;12984;DPL
669;58963;DPL
1415;55249;DPL
1415;46117;DPL
1415;59708;DPL
698;48623;DPL
587;24985;DPL
587;23730;DPL
587;30463;DPL
1735;62541;DPL
1735;16733;DPL
1735;10614;DPL
1735;5894;DPL
1498;5947;DPL
1498;48912;DPL
1498;25920;DPL
1498;24138;DPL
1498;66239;DPL
1498;11491;DPL
1498;20109;DPL
1498;19548;DPL
991;30792;DPL
1702;35915;DPL
1577;26541;DPL
1577;24079;DPL
800;32716;DPL
498;20737;DPL
1628;8085;DPL
1508;55170;DPL
1405;64250;DPL
1405;57985;DPL
1405;65170;DPL
1405;51239;DPL
1747;44002;DPL
1302;59857;DPL
1302;45741;DPL
1302;60244;DPL
1262;39562;DPL
1262;28108;DPL
1262;31875;DPL
1061;57591;DPL
1061;43328;DPL
1061;52054;DPL
1116;9027;DPL
605;12096;DPL
1149;11697;DPL
1149;15716;DPL
968;5499;DPL
1121;3659;DPL
1121;33342;DPL
1121;7699;DPL
1121;16712;DPL
1121;59684;DPL
1121;53193;DPL
1121;17967;DPL
1121;59540;DPL
1121;11421;DPL
1121;5244;DPL
1121;39506;DPL
1121;64485;DPL
1275;50421;DPL
767;8898;DPL
767;4772;DPL
1456;9765;DPL
1456;57965;DPL
1456;50678;DPL
1456;22155;DPL
729;36839;DPL
866;20110;DPL
1661;13855;DPL
1721;34244;DPL
1721;26787;DPL
1357;40174;DPL
1357;4080;DPL
1357;22415;DPL
1357;22629;DPL
1357;63678;DPL
1357;13376;DPL
771;11342;DPL
771;13556;DPL
771;45505;DPL
1028;29520;DPL
1028;6406;DPL
1575;13383;DPL
291;32894;DPL
291;6937;DPL
398;4906;DPL
1197;23573;DPL
634;56917;DPL
1299;5744;DPL
1299;9217;DPL
1299;28111;DPL
1299;49388;DPL
1299;15205;DPL
1299;3079;DPL
1299;63909;DPL
1299;60277;DPL
1299;21758;DPL
1299;10835;DPL
1299;20226;DPL
441;49250;DPL
872;18956;DPL
808;40148;DPL
808;66568;DPL
1355;9570;DPL
990;54879;DPL
335;19878;DPL
756;27098;DPL
756;19637;DPL
1775;40001;DPL
317;8219;DPL
317;17665;DPL
1588;54143;DPL
1588;55660;DPL
1155;21141;DPL
527;35205;DPL
1065;41491;DPL
1065;28000;DPL
1065;35688;DPL
423;23688;DPL
1542;28601;DPL
1542;37778;DPL
1542;62513;DPL
1542;55817;DPL
1542;22320;DPL
1542;51318;DPL
1542;32211;DPL
1542;21587;DPL
1224;16277;DPL
1224;11077;DPL
1531;16980;DPL
1531;14567;DPL
1531;20971;DPL
1531;35747;DPL
1531;25000;DPL
1336;48353;DPL
1336;16810;DPL
919;36959;DPL
364;44983;DPL
1646;15347;DPL
460;45492;DPL
1495;22573;DPL
1799;66615;DPL
541;10396;DPL
541;40571;DPL
894;32109;DPL
1525;34004;DPL
1525;65496;DPL
1525;28940;DPL
1525;45214;DPL
1525;52246;DPL
1525;30835;DPL
1525;56870;DPL
1525;41599;DPL
1525;42528;DPL
794;57187;DPL
557;32798;DPL
502;12117;DPL
1393;51409;DPL
1393;63922;DPL
1393;40421;DPL
1393;43979;DPL
1393;16112;DPL
1393;55320;DPL
1491;4765;DPL
1491;9085;DPL
371;47308;DPL
371;36737;DPL
1584;40777;DPL
1584;36133;DPL
1325;53922;DPL
1325;49488;DPL
1325;21623;DPL
1325;60365;DPL
1325;10274;DPL
1325;6089;DPL
1325;39159;DPL
1325;38726;DPL
1101;21521;DPL
1101;58095;DPL
1101;53125;DPL
1101;43724;DPL
1101;43115;DPL
1101;61510;DPL
1101;64846;DPL
1029;35605;DPL
1029;7692;DPL
870;8932;DPL
1280;61139;DPL
1280;23265;DPL
507;61933;DPL
536;40861;DPL
536;36523;DPL
536;44894;DPL
1594;32444;DPL
1594;47917;DPL
1594;60340;DPL
773;37434;DPL
773;41036;DPL
1536;59310;DPL
1536;33354;DPL
881;9115;DPL
1203;40036;DPL
1203;43082;DPL
1203;47427;DPL
488;13926;DPL
488;9781;DPL
1254;28127;DPL
1254;35160;DPL
309;19677;DPL
900;22796;DPL
900;48853;DPL
809;32991;DPL
404;5004;DPL
404;63938;DPL
596;41127;DPL
908;31455;DPL
838;64773;DPL
838;28180;DPL
838;23763;DPL
838;32169;DPL
838;19141;DPL
838;32285;DPL
765;55731;DPL
765;35106;DPL
820;40489;DPL
1505;62260;DPL
1481;46593;DPL
1481;26145;DPL
1481;50299;DPL
1481;13640;DPL
1481;37973;DPL
1481;42025;DPL
1244;63773;DPL
1585;23814;DPL
1585;4995;DPL
1585;38410;DPL
1585;48106;DPL
1585;26403;DPL
1585;49059;DPL
1585;42214;DPL
789;63534;DPL
789;22919;DPL
789;31396;DPL
789;17851;DPL
789;33062;DPL
928;16969;DPL
1044;36655;DPL
1484;10481;DPL
1484;62752;DPL
1484;66321;DPL
1484;4651;DPL
1484;15418;DPL
965;10134;DPL
577;5210;DPL
1813;59043;DPL
1813;58214;DPL
1813;54630;DPL
1813;54337;DPL
1813;46467;DPL
1813;60975;DPL
1813;45812;DPL
1856;59043;DPL
1856;58214;DPL
1856;54630;DPL
1856;54337;DPL
1856;46467;DPL
1856;60975;DPL
720;9493;DPL
720;66019;DPL
849;48711;DPL
847;8925;DPL
847;64807;DPL
847;38971;DPL
847;6838;DPL
847;6145;DPL
847;42506;DPL
847;56212;DPL
847;60269;DPL
847;45269;DPL
847;52838;DPL
847;40593;DPL
918;60920;DPL
918;8531;DPL
1181;3112;DPL
1181;61556;DPL
1181;10976;DPL
1181;13238;DPL
1181;7529;DPL
1181;33746;DPL
1181;21305;DPL
272;13385;DPL
631;33560;DPL
1161;32958;DPL
1161;33557;DPL
1428;54373;DPL
1428;66844;DPL
416;51957;DPL
1070;38146;DPL
1070;24762;DPL
1462;65601;DPL
1462;60457;DPL
1783;58410;DPL
1783;9975;DPL
1783;64542;DPL
1352;4663;DPL
1352;28493;DPL
1352;58521;DPL
655;8866;DPL
956;61100;DPL
956;9583;DPL
956;15154;DPL
956;23102;DPL
956;51166;DPL
956;4233;DPL
1404;25601;DPL
1404;21187;DPL
449;35186;DPL
449;30613;DPL
451;35186;DPL
451;30613;DPL
451;66625;DPL
1473;51847;DPL
297;36249;DPL
815;26446;DPL
815;22409;DPL
815;16398;DPL
1659;45175;DPL
1659;59476;DPL
1659;55246;DPL
1659;34019;DPL
1659;41570;DPL
1214;26245;DPL
1214;55317;DPL
1214;49763;DPL
1399;57410;DPL
1670;4213;DPL
666;61653;DPL
921;33665;DPL
921;36575;DPL
921;40578;DPL
1638;49072;DPL
1359;34127;DPL
1807;42006;DPL
267;29488;DPL
492;64655;DPL
492;41800;DPL
492;10613;DPL
492;6086;DPL
1608;60672;DPL
1608;66033;DPL
1608;19110;DPL
1608;24365;DPL
599;63612;DPL
645;34414;DPL
645;27571;DPL
1250;10996;DPL
1573;30449;DPL
1439;32912;DPL
1439;46826;DPL
1439;35193;DPL
1439;13055;DPL
1439;8859;DPL
1439;4624;DPL
1439;63229;DPL
1439;66018;DPL
1439;14187;DPL
1439;23205;DPL
1439;17053;DPL
1439;14367;DPL
1439;66015;DPL
359;8165;DPL
322;11889;DPL
1098;16679;DPL
1098;43368;DPL
653;45590;DPL
653;17555;DPL
653;19042;DPL
1145;58720;DPL
1077;14501;DPL
308;5413;DPL
1728;42784;DPL
776;25265;DPL
776;55048;DPL
776;18580;DPL
776;28307;DPL
776;6634;DPL
776;49128;DPL
776;31913;DPL
776;32303;DPL
776;37514;DPL
776;41044;DPL
776;32838;DPL
556;15953;DPL
556;19796;DPL
556;37746;DPL
556;26557;DPL
1518;5315;DPL
537;28430;DPL
668;17232;DPL
668;35365;DPL
668;9011;DPL
668;64756;DPL
668;13820;DPL
526;50114;DPL
526;37474;DPL
560;37521;DPL
1690;12763;DPL
1688;17850;DPL
1025;53237;DPL
1025;33598;DPL
503;26186;DPL
503;37920;DPL
503;42420;DPL
503;16105;DPL
569;20942;DPL
1841;66412;DPL
1841;55720;DPL
1667;14809;DPL
1667;56672;DPL
1667;44692;DPL
1361;11656;DPL
1361;14145;DPL
1361;7010;DPL
1766;37026;DPL
1766;14043;DPL
1766;43388;DPL
1219;48351;DPL
980;9238;DPL
1307;35997;DPL
1215;34517;DPL
1215;11537;DPL
1215;4669;DPL
1215;24671;DPL
1215;15783;DPL
1798;65668;DPL
1798;28245;DPL
1798;23693;DPL
281;40657;DPL
1142;51341;DPL
1426;15472;DPL
1426;38982;DPL
1426;64979;DPL
1426;36600;DPL
1742;49409;DPL
454;21364;DPL
454;60001;DPL
1723;3220;DPL
1723;14943;DPL
947;34391;DPL
947;13391;DPL
1128;60881;DPL
1128;58848;DPL
509;21045;DPL
781;58792;DPL
1700;31118;DPL
1700;43012;DPL
1700;38541;DPL
1700;47620;DPL
200;49569;DPL
265;34672;DPL
265;11317;DPL
265;34389;DPL
265;41247;DPL
1371;62009;DPL
1371;51750;DPL
828;22216;DPL
828;17893;DPL
479;59311;DPL
479;56563;DPL
499;60336;DPL
499;18861;DPL
1686;54931;DPL
1686;60106;DPL
1686;9483;DPL
783;52758;DPL
823;62548;DPL
485;64718;DPL
1113;35829;DPL
1112;32311;DPL
1112;20454;DPL
1780;39304;DPL
1780;15030;DPL
1604;32133;DPL
741;48430;DPL
1598;46329;DPL
1598;31897;DPL
260;59864;DPL
1348;46950;DPL
1348;40242;DPL
1561;57762;DPL
1561;58698;DPL
1561;30840;DPL
1561;40057;DPL
1561;61904;DPL
1561;40692;DPL
970;41917;DPL
970;30118;DPL
970;23897;DPL
970;31142;DPL
970;34285;DPL
1004;41366;DPL
1004;36105;DPL
749;39871;DPL
749;4655;DPL
708;13569;DPL
1314;44946;DPL
1314;66110;DPL
1314;53846;DPL
1314;47167;DPL
1314;47347;DPL
546;64948;DPL
909;16028;DPL
624;48228;DPL
624;53311;DPL
624;57621;DPL
624;11779;DPL
624;7164;DPL
929;64118;DPL
929;45206;DPL
929;66531;DPL
929;58140;DPL
929;49220;DPL
702;57753;DPL
702;33544;DPL
395;9080;DPL
1297;60571;DPL
785;7599;DPL
785;57590;DPL
785;53867;DPL
1218;7814;DPL
1218;57184;DPL
1218;2751;DPL
1218;61097;DPL
1218;59844;DPL
1218;28784;DPL
421;16946;DPL
421;19030;DPL
567;18374;DPL
1703;40153;DPL
1703;29890;DPL
1703;30113;DPL
714;4678;DPL
714;66005;DPL
1420;45289;DPL
1420;35217;DPL
1420;43720;DPL
1420;34153;DPL
1420;40551;DPL
1420;59153;DPL
1420;3792;DPL
1420;65919;DPL
1420;41464;DPL
1420;15377;DPL
1420;15296;DPL
1420;34012;DPL
1420;31510;DPL
1420;21029;DPL
1420;41054;DPL
1420;28372;DPL
1420;35960;DPL
365;55656;DPL
1237;35896;DPL
1237;65985;DPL
1237;5019;DPL
1160;28475;DPL
1160;32596;DPL
1160;60472;DPL
1160;47445;DPL
1160;17328;DPL
1160;59632;DPL
1160;49764;DPL
1045;31228;DPL
519;61773;DPL
428;11050;DPL
1610;64809;DPL
1610;16506;DPL
1610;17601;DPL
1610;38474;DPL
1610;53166;DPL
1610;64928;DPL
1610;50248;DPL
1610;38275;DPL
1610;52029;DPL
1610;3977;DPL
376;13972;DPL
376;19843;DPL
376;16099;DPL
420;49107;DPL
1417;27163;DPL
1417;22466;DPL
446;21296;DPL
1627;31644;DPL
1627;22066;DPL
2064;24463;DPL
1530;25673;DPL
1530;33223;DPL
2039;45450;DPL
2176;11827;DPL
2176;65417;DPL
2176;52236;DPL
2176;12571;DPL
1557;30504;DPL
1557;35729;DPL
1557;17378;DPL
1557;48631;DPL
1092;63862;DPL
1092;60300;DPL
1221;53464;DPL
1797;57064;DPL
1797;22951;DPL
1797;53282;DPL
1797;40790;DPL
1797;30943;DPL
1797;38573;DPL
1459;48336;DPL
1319;21236;DPL
1319;25433;DPL
1319;29008;DPL
2162;33548;DPL
1067;14004;DPL
2605;47788;DPL
2605;8002;DPL
2605;51251;DPL
2605;25326;DPL
2605;28420;DPL
2605;48504;DPL
2605;58076;DPL
2081;27998;DPL
2081;47545;DPL
2081;27124;DPL
2081;35606;DPL
2155;45110;DPL
1153;42603;DPL
1153;17978;DPL
1153;64501;DPL
1153;17024;DPL
1153;32803;DPL
1153;63586;DPL
1153;17697;DPL
1153;45353;DPL
1153;4670;DPL
1153;66826;DPL
2209;30787;DPL
2209;55486;DPL
2209;18965;DPL
2209;52115;DPL
2210;48384;DPL
1967;10343;DPL
1967;11122;DPL
1967;13382;DPL
1967;20422;DPL
1967;34851;DPL
1967;39779;DPL
1967;4152;DPL
1967;15669;DPL
100;62847;DPL
100;49051;DPL
100;57749;DPL
100;3706;DPL
100;65613;DPL
100;54086;DPL
100;43875;DPL
96;48534;DPL
96;29470;DPL
96;25207;DPL
96;10380;DPL
96;19923;DPL
96;19913;DPL
96;22859;DPL
96;26991;DPL
96;65706;DPL
96;53977;DPL
96;11466;DPL
96;5817;DPL
96;28585;DPL
96;10441;DPL
96;3656;DPL
96;16501;DPL
96;52926;DPL
96;11991;DPL
96;39261;DPL
96;29805;DPL
1026;14235;DPL
1026;43442;DPL
2167;28021;DPL
1030;43346;DPL
1030;35750;DPL
1030;30475;DPL
1030;35136;DPL
1517;9887;DPL
1517;63053;DPL
1095;25744;DPL
1095;37317;DPL
2150;52287;DPL
1719;11644;DPL
1684;28139;DPL
1684;19968;DPL
2009;16338;DPL
2009;12424;DPL
1191;31474;DPL
1191;43861;DPL
1191;56131;DPL
1191;61031;DPL
1235;15237;DPL
1235;20853;DPL
1649;37903;DPL
1649;50257;DPL
1649;44519;DPL
2073;36988;DPL
129;31721;DPL
129;39337;DPL
2179;23244;DPL
3;23789;DPL
1923;16218;DPL
1923;20627;DPL
1923;29260;DPL
188;21843;DPL
2241;25643;DPL
2241;41977;DPL
1227;5263;DPL
1227;9292;DPL
2015;65648;DPL
2015;56611;DPL
1080;19210;DPL
1597;53574;DPL
2021;7401;DPL
1141;13644;DPL
1141;48165;DPL
1141;66026;DPL
1748;24690;DPL
1748;15560;DPL
1748;5938;DPL
1748;16665;DPL
2038;33789;DPL
2038;40364;DPL
1767;6926;DPL
2201;38152;DPL
2201;49472;DPL
1695;38026;DPL
1695;46547;DPL
1695;50490;DPL
2594;15494;DPL
1858;35444;DPL
1858;29425;DPL
1858;10574;DPL
1858;20343;DPL
1858;39644;DPL
1858;36232;DPL
1858;22088;DPL
2037;64728;DPL
1379;33486;DPL
1511;35763;DPL
1546;66420;DPL
1182;13655;DPL
1866;22401;DPL
1866;14916;DPL
1866;44125;DPL
1866;54920;DPL
94;6239;DPL
94;9876;DPL
1974;66813;DPL
1974;5464;DPL
1974;41933;DPL
1974;58418;DPL
1974;17274;DPL
1974;63672;DPL
1974;14452;DPL
1974;10162;DPL
1974;21052;DPL
91;64788;DPL
91;45782;DPL
1156;12290;DPL
1960;31732;DPL
1960;38399;DPL
1537;44099;DPL
1543;10977;DPL
2052;50120;DPL
1626;43428;DPL
1626;31364;DPL
1706;47331;DPL
1706;36654;DPL
1039;45983;DPL
1039;58152;DPL
1039;55229;DPL
1233;45482;DPL
2027;59198;DPL
2027;65993;DPL
1926;54317;DPL
1765;39361;DPL
1765;43077;DPL
1765;48107;DPL
1983;45431;DPL
1983;12933;DPL
1983;60217;DPL
1983;20652;DPL
1983;9991;DPL
2132;19502;DPL
1323;9342;DPL
1323;30257;DPL
1323;34430;DPL
1323;5225;DPL
1833;41961;DPL
1833;36338;DPL
1833;38639;DPL
1833;37104;DPL
1833;34741;DPL
1833;8470;DPL
1833;36570;DPL
1833;19376;DPL
1833;28626;DPL
1833;60228;DPL
1833;14041;DPL
1833;45789;DPL
1833;50620;DPL
1140;18685;DPL
1140;10908;DPL
1140;22811;DPL
2573;41504;DPL
2573;36277;DPL
1689;66042;DPL
1689;27577;DPL
1689;12889;DPL
2041;27814;DPL
2041;9517;DPL
2041;32955;DPL
193;29215;DPL
183;63115;DPL
1311;64909;DPL
1311;52939;DPL
1311;61749;DPL
1722;21906;DPL
1722;20974;DPL
1722;19322;DPL
1514;6604;DPL
2601;6908;DPL
59;40529;DPL
59;42491;DPL
2240;66171;DPL
2240;57400;DPL
2240;55422;DPL
1943;34180;DPL
2023;20923;DPL
1290;40866;DPL
1587;43400;DPL
1587;51679;DPL
1587;41602;DPL
1587;64618;DPL
1587;60618;DPL
1062;59178;DPL
1062;46703;DPL
1450;50735;DPL
2175;17593;DPL
2208;42950;DPL
2208;58757;DPL
1877;29723;DPL
1877;37417;DPL
1877;33651;DPL
1877;30139;DPL
1810;3642;DPL
1810;45497;DPL
1127;59980;DPL
1127;54690;DPL
1527;54610;DPL
1527;49053;DPL
1527;56984;DPL
1527;43990;DPL
1760;6991;DPL
1760;62224;DPL
1273;42059;DPL
1631;36366;DPL
1795;58335;DPL
2054;5122;DPL
2207;40642;DPL
1278;6068;DPL
1296;53489;DPL
1261;17420;DPL
1581;58008;DPL
1894;39138;DPL
1894;36269;DPL
1894;39701;DPL
2244;21280;DPL
108;44258;DPL
108;31921;DPL
108;35806;DPL
108;5786;DPL
108;14866;DPL
108;22096;DPL
108;39655;DPL
160;31398;DPL
160;31675;DPL
1300;5619;DPL
2042;15926;DPL
1441;18984;DPL
1441;41675;DPL
76;20463;DPL
76;65418;DPL
76;28308;DPL
1066;24056;DPL
134;7717;DPL
42;4781;DPL
42;15602;DPL
1975;33046;DPL
1105;46858;DPL
2048;8139;DPL
1962;66134;DPL
1452;43701;DPL
1421;15526;DPL
1836;38954;DPL
1836;21333;DPL
1836;28674;DPL
1836;42234;DPL
1836;48596;DPL
1836;24424;DPL
1836;25826;DPL
2575;22443;DPL
1574;12012;DPL
1217;60201;DPL
1308;7413;DPL
1308;49127;DPL
1655;27612;DPL
1772;4137;DPL
1772;34480;DPL
1772;30008;DPL
1497;55174;DPL
2216;44584;DPL
2216;60188;DPL
2216;58483;DPL
2216;58644;DPL
2216;52755;DPL
2029;6867;DPL
2029;26042;DPL
1326;20970;DPL
1027;27333;DPL
1027;20986;DPL
1292;44877;DPL
1292;50806;DPL
1229;5851;DPL
1229;63399;DPL
121;20033;DPL
1941;21946;DPL
1373;25105;DPL
1373;40258;DPL
1373;62821;DPL
1373;60063;DPL
1479;65628;DPL
1479;4792;DPL
1479;8873;DPL
2187;17193;DPL
2187;13854;DPL
1133;50049;DPL
1494;38116;DPL
1494;37480;DPL
1909;35487;DPL
1909;14552;DPL
1909;27452;DPL
1909;64548;DPL
1909;22522;DPL
1909;19483;DPL
1909;18177;DPL
1193;31351;DPL
1193;63971;DPL
1193;58175;DPL
1193;53090;DPL
1392;42792;DPL
1392;13981;DPL
2192;11689;DPL
1749;59074;DPL
1749;35768;DPL
1749;46568;DPL
1321;17754;DPL
166;54777;DPL
166;48087;DPL
166;37656;DPL
2213;23634;DPL
2213;21509;DPL
2213;51438;DPL
2213;39011;DPL
2131;9265;DPL
1162;25056;DPL
1162;45575;DPL
1709;7209;DPL
1709;56625;DPL
1709;3257;DPL
1709;37220;DPL
1709;22534;DPL
1709;15724;DPL
2217;31435;DPL
2217;42797;DPL
1488;29181;DPL
1488;4459;DPL
1987;3081;DPL
1699;59214;DPL
1699;46836;DPL
1492;54766;DPL
1492;65529;DPL
2012;3274;DPL
12;49232;DPL
12;63347;DPL
1665;52320;DPL
1665;14202;DPL
1665;28688;DPL
1082;27886;DPL
1082;59193;DPL
228;61564;DPL
228;64993;DPL
228;54167;DPL
1827;21229;DPL
1827;31884;DPL
1827;55474;DPL
1827;13183;DPL
1827;52407;DPL
1397;3323;DPL
1397;17508;DPL
1899;23334;DPL
1899;35516;DPL
1523;7635;DPL
1523;64413;DPL
1523;3093;DPL
240;47669;DPL
1503;24721;DPL
1503;23286;DPL
2074;4125;DPL
2074;16973;DPL
1614;26308;DPL
1614;12312;DPL
1614;50590;DPL
2222;63522;DPL
2078;11312;DPL
2078;14205;DPL
2091;43599;DPL
1929;32757;DPL
2184;38179;DPL
2184;49365;DPL
1593;32419;DPL
1122;23586;DPL
1122;30002;DPL
2220;30682;DPL
2220;24606;DPL
2220;11064;DPL
2180;49304;DPL
170;64152;DPL
170;18131;DPL
170;38544;DPL
2233;46989;DPL
1186;19915;DPL
1377;58654;DPL
1377;52767;DPL
1377;52479;DPL
1377;19353;DPL
1377;7106;DPL
1377;13982;DPL
2239;61519;DPL
2239;10561;DPL
1864;4229;DPL
1864;7856;DPL
1400;12338;DPL
1400;49326;DPL
1400;27501;DPL
1400;49936;DPL
1400;45648;DPL
1097;52389;DPL
1912;24610;DPL
1912;27621;DPL
1912;32685;DPL
1912;42793;DPL
1912;32713;DPL
1912;8372;DPL
1912;49788;DPL
1912;45907;DPL
2163;33700;DPL
1920;41154;DPL
2049;33907;DPL
2043;13305;DPL
181;65922;DPL
2588;10600;DPL
2069;55053;DPL
132;31366;DPL
132;48618;DPL
132;60777;DPL
132;44431;DPL
2203;24855;DPL
1147;18221;DPL
2190;14194;DPL
2190;2714;DPL
2115;3251;DPL
2202;53332;DPL
2202;40960;DPL
1179;17014;DPL
1347;42045;DPL
1347;64275;DPL
1260;28694;DPL
2607;14987;DPL
2146;64213;DPL
1551;20835;DPL
1991;66081;DPL
1991;32734;DPL
1991;58495;DPL
1991;7440;DPL
1991;51139;DPL
1991;14865;DPL
1991;53511;DPL
1991;31139;DPL
1991;3275;DPL
1991;52061;DPL
1991;12603;DPL
1455;53953;DPL
1455;65997;DPL
2596;49449;DPL
1223;19748;DPL
1223;66141;DPL
1223;50607;DPL
1482;48706;DPL
232;11651;DPL
1607;40987;DPL
1607;9894;DPL
2183;62565;DPL
2183;10615;DPL
2183;5896;DPL
2122;19318;DPL
2050;43002;DPL
1171;56998;DPL
1602;36225;DPL
1301;39086;DPL
1902;43435;DPL
1902;28652;DPL
1412;35080;DPL
2075;62466;DPL
171;63606;DPL
171;51615;DPL
171;59865;DPL
171;54019;DPL
171;58297;DPL
171;3849;DPL
2080;7990;DPL
1363;29151;DPL
1363;4493;DPL
37;53714;DPL
1329;58142;DPL
1033;6457;DPL
1033;60752;DPL
1033;2979;DPL
1158;17836;DPL
1158;9439;DPL
2224;58182;DPL
1803;19696;DPL
1757;3096;DPL
1043;62239;DPL
1043;9800;DPL
1043;8616;DPL
1433;9314;DPL
1433;63122;DPL
1433;4680;DPL
2247;53952;DPL
2247;43804;DPL
2247;31138;DPL
2247;32738;DPL
2247;8047;DPL
1115;20609;DPL
1115;18458;DPL
1266;48710;DPL
1167;4505;DPL
2610;11367;DPL
1519;20015;DPL
1921;4784;DPL
1685;26415;DPL
2066;27566;DPL
1592;24388;DPL
1592;33056;DPL
102;50381;DPL
102;29279;DPL
102;24529;DPL
102;47379;DPL
102;12440;DPL
1824;27956;DPL
1824;23517;DPL
1824;27460;DPL
1885;56598;DPL
1885;58304;DPL
1885;50652;DPL
1885;49421;DPL
1989;18744;DPL
1989;14669;DPL
1648;21295;DPL
1648;6631;DPL
1648;5211;DPL
1648;63005;DPL
1648;8490;DPL
1763;26788;DPL
1763;34139;DPL
124;13080;DPL
124;10025;DPL
1050;36937;DPL
2035;16408;DPL
2035;12854;DPL
146;38960;DPL
6;15040;DPL
6;44209;DPL
6;38236;DPL
6;46339;DPL
2087;32213;DPL
23;43288;DPL
23;39156;DPL
2018;48639;DPL
2018;54934;DPL
1860;51897;DPL
1615;12255;DPL
2141;26560;DPL
81;25550;DPL
81;28227;DPL
78;62450;DPL
1611;35058;DPL
1816;29922;DPL
235;41269;DPL
235;56878;DPL
2031;21017;DPL
1143;65970;DPL
1143;51324;DPL
1143;8650;DPL
1143;62712;DPL
1143;4129;DPL
1143;56136;DPL
2022;25740;DPL
2022;30156;DPL
70;10421;DPL
70;14752;DPL
70;10707;DPL
29;20371;DPL
1642;5185;DPL
1384;55738;DPL
1384;18803;DPL
2109;18024;DPL
1586;32924;DPL
1586;42626;DPL
1662;22107;DPL
1662;19355;DPL
1662;23838;DPL
1662;6025;DPL
1662;13872;DPL
1982;26695;DPL
1982;21074;DPL
1793;62425;DPL
1793;24736;DPL
1793;61143;DPL
1800;54129;DPL
1800;48523;DPL
1800;56185;DPL
1800;60653;DPL
2170;9343;DPL
2170;61645;DPL
2170;47901;DPL
2194;13678;DPL
2194;37452;DPL
2194;20877;DPL
2194;54168;DPL
1918;19827;DPL
1918;49683;DPL
1918;63858;DPL
1553;28750;DPL
1553;53444;DPL
1903;18665;DPL
1903;31517;DPL
1903;20864;DPL
1448;61740;DPL
1448;21809;DPL
1448;18334;DPL
1448;14965;DPL
1448;52411;DPL
1448;63908;DPL
2590;57851;DPL
151;42959;DPL
151;35837;DPL
1736;30067;DPL
1736;10492;DPL
1279;10173;DPL
1567;54312;DPL
1739;34101;DPL
1739;60866;DPL
2211;17055;DPL
1099;62887;DPL
1698;42815;DPL
1633;13665;DPL
1035;15571;DPL
1035;30662;DPL
2236;18053;DPL
2236;32505;DPL
1578;65888;DPL
1578;4347;DPL
1718;7487;DPL
1418;62790;DPL
1418;9394;DPL
1418;59786;DPL
1418;22377;DPL
1516;14443;DPL
2114;33025;DPL
2114;18727;DPL
1559;10730;DPL
1559;18226;DPL
1559;17513;DPL
1704;30937;DPL
1704;59034;DPL
1704;24674;DPL
1704;6199;DPL
1704;6484;DPL
1704;63093;DPL
1704;55570;DPL
1704;60858;DPL
1216;3123;DPL
1216;17964;DPL
1216;49982;DPL
1216;36809;DPL
180;4300;DPL
2139;44754;DPL
2189;17373;DPL
2189;16351;DPL
2189;22388;DPL
2189;9613;DPL
2189;4188;DPL
2189;30724;DPL
57;16381;DPL
57;6015;DPL
57;22104;DPL
1453;60570;DPL
1624;40670;DPL
1936;9723;DPL
1936;65233;DPL
1936;8999;DPL
1936;5704;DPL
1936;17909;DPL
1936;5685;DPL
1936;54105;DPL
1936;13230;DPL
1872;16614;DPL
1872;22627;DPL
1102;37135;DPL
1645;53514;DPL
1570;29661;DPL
1570;21376;DPL
1388;28088;DPL
2120;38828;DPL
2120;43110;DPL
1349;46519;DPL
1349;20073;DPL
1349;24220;DPL
1335;59508;DPL
1335;13371;DPL
1978;37217;DPL
1978;23228;DPL
1978;25021;DPL
1978;31089;DPL
1978;19523;DPL
1947;10251;DPL
1947;62970;DPL
86;24443;DPL
83;63635;DPL
83;11159;DPL
83;62508;DPL
83;6495;DPL
1791;55277;DPL
1791;15857;DPL
1791;44673;DPL
1791;57721;DPL
1791;59292;DPL
1791;56592;DPL
1791;24381;DPL
1791;64002;DPL
2013;39324;DPL
2013;48030;DPL
1430;20453;DPL
1913;23019;DPL
1913;38347;DPL
1913;39509;DPL
1913;28033;DPL
1913;12540;DPL
1913;50147;DPL
1913;18968;DPL
1913;14632;DPL
1913;65090;DPL
1913;42319;DPL
21;39833;DPL
21;16817;DPL
98;16327;DPL
2020;65300;DPL
2020;40831;DPL
2020;62689;DPL
126;62898;DPL
126;32076;DPL
2077;53451;DPL
1443;52592;DPL
2098;50047;DPL
2245;8625;DPL
2597;20191;DPL
1955;30144;DPL
1955;34490;DPL
1955;21267;DPL
1955;64572;DPL
1955;52365;DPL
1955;63651;DPL
1955;47156;DPL
1955;62986;DPL
1955;36719;DPL
1955;4509;DPL
1955;6295;DPL
1955;35600;DPL
1955;66464;DPL
1955;54715;DPL
1955;25143;DPL
2096;52823;DPL
138;61870;DPL
138;52729;DPL
1970;45267;DPL
1970;47997;DPL
1970;42433;DPL
1328;29451;DPL
1964;29214;DPL
1964;17981;DPL
1964;43818;DPL
1964;27359;DPL
1964;44153;DPL
1964;25668;DPL
1691;58561;DPL
1691;60780;DPL
2014;44322;DPL
1621;48246;DPL
1621;44148;DPL
2101;19121;DPL
1839;16759;DPL
2166;48401;DPL
1341;56588;DPL
1341;43693;DPL
2095;56252;DPL
245;13157;DPL
245;26102;DPL
157;18863;DPL
157;22876;DPL
40;8091;DPL
40;5170;DPL
40;12477;DPL
1609;33950;DPL
2030;19666;DPL
2126;29089;DPL
2126;21680;DPL
2168;27381;DPL
1905;19399;DPL
1905;6545;DPL
1905;6274;DPL
2104;52813;DPL
2104;56048;DPL
2104;42884;DPL
2212;2797;DPL
2212;56121;DPL
2005;6713;DPL
1673;5761;DPL
1135;2633;DPL
1276;28297;DPL
1884;53075;DPL
1884;22041;DPL
1174;17709;DPL
25;46445;DPL
25;13760;DPL
25;35083;DPL
25;35867;DPL
25;47608;DPL
25;34167;DPL
143;30672;DPL
143;26785;DPL
2151;65736;DPL
2006;30077;DPL
2199;39778;DPL
2067;56010;DPL
1986;48644;DPL
1986;59430;DPL
1986;49542;DPL
1986;44377;DPL
1469;61685;DPL
1469;64204;DPL
1469;52727;DPL
2231;47257;DPL
2231;57164;DPL
1599;37243;DPL
1599;66108;DPL
1599;63191;DPL
1599;9322;DPL
2119;22986;DPL
185;53593;DPL
1727;14446;DPL
1413;41299;DPL
1413;59257;DPL
1413;45409;DPL
1590;48573;DPL
1590;44253;DPL
1590;58820;DPL
1435;55834;DPL
1435;66811;DPL
68;22923;DPL
68;57417;DPL
1424;4800;DPL
1424;17949;DPL
1471;14899;DPL
1471;9226;DPL
1471;21956;DPL
1881;32841;DPL
1881;42557;DPL
2186;23259;DPL
1887;65864;DPL
1339;17706;DPL
1339;18437;DPL
1264;5290;DPL
2032;44186;DPL
1507;38170;DPL
1507;49273;DPL
1345;65682;DPL
2100;32978;DPL
1427;14571;DPL
1362;28995;DPL
1555;55361;DPL
1555;57374;DPL
1555;39424;DPL
1555;66227;DPL
90;8549;DPL
90;58074;DPL
66;39123;DPL
66;38632;DPL
66;44126;DPL
1547;54967;DPL
1440;36337;DPL
1440;7706;DPL
1146;12024;DPL
1146;54899;DPL
1146;48306;DPL
104;18167;DPL
255;11332;DPL
255;36700;DPL
255;3467;DPL
255;3425;DPL
255;5700;DPL
255;14260;DPL
255;7397;DPL
255;66401;DPL
2124;17976;DPL
2123;15491;DPL
2219;16962;DPL
2153;55929;DPL
2153;66550;DPL
1419;48932;DPL
1198;11429;DPL
1198;15766;DPL
87;22657;DPL
87;51250;DPL
87;47243;DPL
2232;54243;DPL
2044;58034;DPL
2221;60791;DPL
2221;53048;DPL
2147;35062;DPL
2147;22228;DPL
2147;26515;DPL
2147;31524;DPL
1890;3627;DPL
154;32528;DPL
2585;38195;DPL
1849;55502;DPL
1640;32966;DPL
1640;58158;DPL
1640;28346;DPL
1640;38042;DPL
1640;38749;DPL
1640;41083;DPL
1506;60101;DPL
1506;60492;DPL
2079;3155;DPL
2086;7826;DPL
2086;3205;DPL
1490;15468;DPL
50;47776;DPL
50;37529;DPL
50;52634;DPL
50;50595;DPL
50;21998;DPL
1486;35000;DPL
1932;60659;DPL
1932;64692;DPL
1932;57177;DPL
1932;53352;DPL
1932;31881;DPL
1746;19235;DPL
1746;31742;DPL
2130;63221;DPL
2117;38784;DPL
1806;41277;DPL
1806;35707;DPL
1806;47891;DPL
1806;39911;DPL
1806;26687;DPL
1806;7448;DPL
1806;44315;DPL
1806;52090;DPL
54;47726;DPL
1240;12314;DPL
2218;39472;DPL
1138;29523;DPL
2008;44243;DPL
1356;50532;DPL
1356;13204;DPL
1467;14133;DPL
1467;41356;DPL
2185;62615;DPL
2185;63718;DPL
2242;26585;DPL
2242;30230;DPL
1915;24063;DPL
1351;11450;DPL
1351;28761;DPL
2083;52929;DPL
1716;31565;DPL
1716;21652;DPL
1716;35260;DPL
1477;40382;DPL
1477;31566;DPL
1818;65432;DPL
1818;56506;DPL
1818;58949;DPL
1338;55404;DPL
1255;22921;DPL
1255;16115;DPL
1255;20222;DPL
2090;61979;DPL
1298;28213;DPL
1108;19596;DPL
1394;26388;DPL
2134;38305;DPL
2135;50362;DPL
2135;46749;DPL
2056;54314;DPL
2056;56841;DPL
2580;7293;DPL
2580;57592;DPL
2580;3892;DPL
2580;4514;DPL
2580;24882;DPL
2580;18460;DPL
2580;52056;DPL
2580;46014;DPL
2580;6580;DPL
1409;37222;DPL
1409;40135;DPL
1754;66355;DPL
1754;6738;DPL
2165;44740;DPL
1281;23826;DPL
1281;51906;DPL
2111;29880;DPL
1854;20123;DPL
1416;39062;DPL
1701;21659;DPL
1701;35129;DPL
2136;59138;DPL
2225;38470;DPL
2102;33098;DPL
2102;7255;DPL
2102;29467;DPL
192;16341;DPL
44;66252;DPL
1996;10649;DPL
1996;2630;DPL
136;22855;DPL
136;28019;DPL
136;18680;DPL
136;11897;DPL
2582;43091;DPL
2582;33137;DPL
2582;26178;DPL
2582;50243;DPL
2582;12399;DPL
2582;29720;DPL
2582;31715;DPL
2582;60694;DPL
2582;13627;DPL
177;34380;DPL
1088;41724;DPL
2047;9672;DPL
141;17423;DPL
1891;36995;DPL
1891;51281;DPL
1059;42529;DPL
2226;51471;DPL
1046;43382;DPL
1046;44802;DPL
1046;57255;DPL
2230;10855;DPL
2230;21782;DPL
2092;38598;DPL
48;15312;DPL
1208;22816;DPL
1208;16437;DPL
2001;43251;DPL
1576;25586;DPL
2060;36498;DPL
1475;40948;DPL
1475;56483;DPL
237;51552;DPL
237;43523;DPL
237;43545;DPL
237;46942;DPL
2017;43842;DPL
1880;41523;DPL
1896;15278;DPL
2144;35291;DPL
32;31539;DPL
32;50199;DPL
32;63360;DPL
2085;14963;DPL
2118;65850;DPL
1317;12492;DPL
2215;4171;DPL
1212;38928;DPL
1212;42801;DPL
1131;47164;DPL
2106;9867;DPL
244;40829;DPL
27;57478;DPL
27;56395;DPL
27;59824;DPL
27;52531;DPL
27;20802;DPL
27;54789;DPL
14;52484;DPL
14;55764;DPL
2181;50436;DPL
2181;36812;DPL
2181;41210;DPL
2181;39677;DPL
2108;12735;DPL
2108;57977;DPL
1928;62784;DPL
1928;64366;DPL
1071;19899;DPL
2161;56095;DPL
1714;25095;DPL
1360;25216;DPL
1360;21575;DPL
1360;49281;DPL
2214;25138;DPL
2227;31348;DPL
2227;21215;DPL
2227;13453;DPL
1123;43104;DPL
1123;25491;DPL
1123;26928;DPL
1123;34930;DPL
1165;19656;DPL
1165;35987;DPL
1165;48503;DPL
1165;58873;DPL
1165;44269;DPL
1150;61491;DPL
1150;10765;DPL
1789;52443;DPL
1789;58231;DPL
1042;60100;DPL
1042;54981;DPL
2076;8633;DPL
2076;63880;DPL
2076;52629;DPL
1269;25188;DPL
1269;18439;DPL
1269;19072;DPL
1269;11032;DPL
201;7939;DPL
1195;52589;DPL
1195;46649;DPL
229;21255;DPL
229;33112;DPL
2065;48458;DPL
2065;43773;DPL
2592;42218;DPL
1225;60116;DPL
1431;62979;DPL
1431;50259;DPL
1819;58296;DPL
1037;59584;DPL
1037;26968;DPL
1037;13213;DPL
1037;38819;DPL
234;54240;DPL
2026;16903;DPL
2026;43326;DPL
18;47016;DPL
18;40469;DPL
18;38531;DPL
114;41701;DPL
1375;51526;DPL
1375;45881;DPL
2040;21216;DPL
2040;24152;DPL
1618;3789;DPL
1618;8254;DPL
1814;12721;DPL
1814;59775;DPL
1814;29788;DPL
1814;56691;DPL
1814;9647;DPL
1814;15989;DPL
1089;52937;DPL
1089;38912;DPL
1089;44379;DPL
1089;57027;DPL
1566;25330;DPL
2025;51206;DPL
1389;18833;DPL
1389;27739;DPL
1389;18936;DPL
1389;53257;DPL
1389;22959;DPL
1389;59038;DPL
1389;32323;DPL
1966;11865;DPL
1583;8691;DPL
1583;53312;DPL
1583;4968;DPL
1784;6868;DPL
1784;2873;DPL
1940;31943;DPL
2205;27647;DPL
1738;55808;DPL
1738;7919;DPL
63;25386;DPL
2169;13287;DPL
2169;18459;DPL
2195;24985;DPL
2195;23730;DPL
2195;30463;DPL
2152;48919;DPL
1843;10159;DPL
1461;21599;DPL
1178;27034;DPL
140;61099;DPL
1845;65463;DPL
1637;60013;DPL
1637;26580;DPL
1679;13650;DPL
1679;23307;DPL
1679;66845;DPL
1232;45161;DPL
10;38175;DPL
10;54351;DPL
10;51530;DPL
10;47662;DPL
162;12362;DPL
2019;34654;DPL
1660;49679;DPL
2051;21586;DPL
2051;35211;DPL
2051;27922;DPL
1055;2631;DPL
1055;6672;DPL
1055;11802;DPL
1055;15292;DPL
1437;6820;DPL
1437;23341;DPL
1437;15038;DPL
1283;36648;DPL
1875;30019;DPL
1875;25118;DPL
73;14825;DPL
73;49962;DPL
73;10751;DPL
73;8439;DPL
73;34980;DPL
73;16367;DPL
73;37654;DPL
73;31994;DPL
73;39827;DPL
73;61330;DPL
73;41947;DPL
73;49404;DPL
73;42111;DPL
73;56235;DPL
250;54545;DPL
250;55975;DPL
250;14237;DPL
2063;20545;DPL
2061;41265;DPL
2061;40598;DPL
2125;16978;DPL
1501;37522;DPL
1596;26092;DPL
1596;36910;DPL
1063;44239;DPL
1465;54257;DPL
1114;25932;DPL
1786;13956;DPL
1118;13728;DPL
1812;8138;DPL
1812;17723;DPL
1385;21209;DPL
1385;32946;DPL
1385;42860;DPL
1385;24153;DPL
1385;4925;DPL
1636;9808;DPL
1251;44066;DPL
1251;58732;DPL
1777;40219;DPL
46;21864;DPL
80;58786;DPL
80;54508;DPL
80;50748;DPL
168;39720;DPL
168;44433;DPL
168;53550;DPL
168;34985;DPL
1267;37379;DPL
1267;27129;DPL
2204;61141;DPL
1126;6760;DPL
1126;15872;DPL
1657;38307;DPL
1657;41841;DPL
1535;23083;DPL
1851;45666;DPL
2129;66102;DPL
2148;12790;DPL
1159;34592;DPL
1652;58341;DPL
1652;45906;DPL
1249;64107;DPL
1249;9420;DPL
2007;63239;DPL
2002;51194;DPL
2107;53923;DPL
1997;27760;DPL
1997;43226;DPL
1997;32356;DPL
1997;21409;DPL
1997;15787;DPL
1997;25534;DPL
1164;21569;DPL
1164;34255;DPL
1202;64380;DPL
1202;24773;DPL
2206;57587;DPL
1084;5128;DPL
1334;66393;DPL
1474;8318;DPL
1474;56396;DPL
1474;60873;DPL
1907;61554;DPL
1907;10020;DPL
1242;56401;DPL
1242;7321;DPL
1313;65280;DPL
1313;8397;DPL
1313;53577;DPL
1313;63073;DPL
2062;44919;DPL
1354;14606;DPL
1354;63362;DPL
247;7756;DPL
1534;12630;DPL
1788;13531;DPL
2235;45305;DPL
1855;61803;DPL
1897;54950;DPL
1897;66579;DPL
2248;45930;DPL
2248;49789;DPL
2248;36662;DPL
2028;12454;DPL
2003;14854;DPL
2003;13393;DPL
2003;3412;DPL
1213;40484;DPL
1213;5835;DPL
1213;30387;DPL
1213;34350;DPL
1213;20925;DPL
252;28242;DPL
1446;47160;DPL
2112;30138;DPL
1951;51101;DPL
2177;7238;DPL
2177;59831;DPL
2177;55881;DPL
2070;60856;DPL
1958;48933;DPL
1958;47709;DPL
109;26051;DPL
109;25829;DPL
2614;32541;DPL
1305;43844;DPL
2191;15198;DPL
2191;7695;DPL
2191;5722;DPL
2088;47569;DPL
2088;50805;DPL
1047;14868;DPL
1047;12020;DPL
1603;30309;DPL
1603;63034;DPL
1603;40444;DPL
1358;46202;DPL
1732;27990;DPL
1732;5062;DPL
1372;65101;DPL
1522;15355;DPL
1522;56034;DPL
1729;51627;DPL
1729;51065;DPL
1729;61746;DPL
1729;64961;DPL
1729;48831;DPL
56;21257;DPL
1580;16540;DPL
1539;36190;DPL
1563;3654;DPL
1563;7924;DPL
1563;17397;DPL
1331;56825;DPL
1331;66177;DPL
2127;65546;DPL
2127;57711;DPL
2127;54020;DPL
2127;38274;DPL
2133;29144;DPL
2133;30115;DPL
190;20057;DPL
1671;4806;DPL
1671;44240;DPL
1671;8879;DPL
1671;11040;DPL
1500;41225;DPL
1500;58926;DPL
1675;34867;DPL
1675;55665;DPL
1675;62083;DPL
1675;61342;DPL
1675;48259;DPL
1675;7410;DPL
1675;19945;DPL
1675;3450;DPL
1675;27806;DPL
1675;57171;DPL
1675;52708;DPL
1675;66535;DPL
1779;47779;DPL
1;12843;DPL
1;62612;DPL
1;19227;DPL
1;49165;DPL
2603;64278;DPL
2603;2966;DPL
1950;36772;DPL
1111;49810;DPL
1111;38071;DPL
1458;4307;DPL
1458;16572;DPL
1458;13807;DPL
1458;7986;DPL
1458;22911;DPL
1032;25112;DPL
1343;13464;DPL
2164;36583;DPL
1365;6530;DPL
2196;21005;DPL
105;60506;DPL
105;48464;DPL
1526;31154;DPL
1526;43198;DPL
2172;27939;DPL
2572;52433;DPL
2572;35343;DPL
1258;65921;DPL
2053;13865;DPL
1954;26786;DPL
1954;22875;DPL
1954;60135;DPL
1954;64359;DPL
1954;20248;DPL
1954;18424;DPL
1954;28714;DPL
1954;16389;DPL
1954;4067;DPL
1954;37860;DPL
1954;57668;DPL
2143;31041;DPL
1406;8857;DPL
1310;9273;DPL
1831;2760;DPL
1831;36610;DPL
1831;29657;DPL
1831;46774;DPL
1831;33699;DPL
1782;56070;DPL
2010;59326;DPL
2145;5028;DPL
2145;25575;DPL
2145;16414;DPL
1293;10127;DPL
2046;57925;DPL
1770;2999;DPL
1770;15648;DPL
1078;31890;DPL
1078;31762;DPL
1712;24665;DPL
1712;10405;DPL
1712;21799;DPL
2142;14111;DPL
2142;24983;DPL
116;36804;DPL
116;44908;DPL
2140;33817;DPL
1724;24787;DPL
1724;28717;DPL
2128;5756;DPL
1825;14170;DPL
1825;33443;DPL
1825;53485;DPL
1825;16079;DPL
1874;12719;DPL
1874;28938;DPL
1874;23615;DPL
1874;30563;DPL
1874;16868;DPL
1874;5093;DPL
1874;63470;DPL
1874;8697;DPL
150;47282;DPL
1821;46130;DPL
1868;35037;DPL
2615;14324;DPL
2615;4647;DPL
2615;18112;DPL
2615;26797;DPL
2615;29267;DPL
2615;24110;DPL
1316;16544;DPL
2072;11994;DPL
2072;44680;DPL
2072;52182;DPL
2238;16830;DPL
2238;66247;DPL
1425;56084;DPL
1425;49926;DPL
1425;42305;DPL
1425;33513;DPL
1425;65862;DPL
1425;25827;DPL
1425;46391;DPL
1425;35857;DPL
1425;50131;DPL
1425;59113;DPL
1425;31359;DPL
1425;54592;DPL
1425;16814;DPL
1051;50869;DPL
1189;3536;DPL
1189;55638;DPL
1189;14838;DPL
1189;12536;DPL
2188;35186;DPL
2188;38669;DPL
2188;30613;DPL
2188;66625;DPL
175;24737;DPL
1562;62241;DPL
1562;66461;DPL
2156;34038;DPL
2156;42594;DPL
1733;17887;DPL
1733;24851;DPL
1733;30813;DPL
2154;55283;DPL
2154;13595;DPL
2154;4877;DPL
2068;36912;DPL
1848;62785;DPL
2584;62848;DPL
2584;9576;DPL
2584;41374;DPL
2094;10297;DPL
1643;32777;DPL
1110;23153;DPL
1110;12229;DPL
1744;62098;DPL
1744;23630;DPL
2612;64827;DPL
2612;18329;DPL
2612;61704;DPL
1752;43275;DPL
1752;26875;DPL
120;47668;DPL
1238;17886;DPL
242;24240;DPL
242;15698;DPL
242;7134;DPL
242;11695;DPL
112;16470;DPL
112;21149;DPL
112;18945;DPL
2059;33828;DPL
1682;43517;DPL
1756;54949;DPL
1086;21534;DPL
206;20283;DPL
127;24777;DPL
156;64045;DPL
20;22553;DPL
20;51429;DPL
20;59616;DPL
20;60626;DPL
20;23104;DPL
20;23825;DPL
20;50467;DPL
20;28585;DPL
20;13861;DPL
20;36880;DPL
20;21833;DPL
20;30290;DPL
20;5338;DPL
20;36401;DPL
20;21351;DPL
20;7676;DPL
2024;24668;DPL
1367;57289;DPL
2160;43899;DPL
174;34842;DPL
1801;31155;DPL
1801;40141;DPL
1801;60078;DPL
1801;44366;DPL
1801;56316;DPL
1801;39238;DPL
2178;30675;DPL
1687;18440;DPL
1687;13643;DPL
1687;7799;DPL
1829;27901;DPL
1829;9690;DPL
164;4407;DPL
164;63192;DPL
164;30370;DPL
164;57700;DPL
164;65387;DPL
1971;35670;DPL
1971;32172;DPL
1761;15335;DPL
1073;13625;DPL
1073;26266;DPL
1073;22675;DPL
1370;54291;DPL
1247;59828;DPL
2246;66002;DPL
7;41609;DPL
2578;64181;DPL
2578;24530;DPL
1994;46893;DPL
1938;29184;DPL
35;57828;DPL
1058;32836;DPL
1510;26480;DPL
1510;60606;DPL
1510;50323;DPL
1152;40075;DPL
1152;50006;DPL
1463;34268;DPL
1253;29611;DPL
1253;30161;DPL
2229;65068;DPL
2223;14673;DPL
2223;48478;DPL
2223;31224;DPL
2097;65099;DPL
2097;61991;DPL
2097;43407;DPL
1401;13928;DPL
147;20282;DPL
147;15816;DPL
2082;39814;DPL
1669;13770;DPL
1669;23263;DPL
2103;3330;DPL
2569;36814;DPL
2569;19770;DPL
2569;60149;DPL
2569;12567;DPL
2569;27957;DPL
2569;47979;DPL
2033;32266;DPL
16;5797;DPL
1862;66779;DPL
225;14152;DPL
225;10532;DPL
2110;24549;DPL
1184;32077;DPL
1120;35519;DPL
1620;47471;DPL
1620;57865;DPL
1620;19145;DPL
2237;24352;DPL
1104;51202;DPL
117;63252;DPL
1678;23393;DPL
1678;40826;DPL
1678;51366;DPL
1678;61376;DPL
1678;30971;DPL
1678;31341;DPL
1678;19845;DPL
1678;35650;DPL
2105;16816;DPL
2105;6161;DPL
2105;48494;DPL
1053;48985;DPL
1053;64311;DPL
1541;27489;DPL
1541;20704;DPL
2000;47594;DPL
1550;15858;DPL
2011;25917;DPL
2011;6710;DPL
2099;22837;DPL
1808;3845;DPL
1808;60684;DPL
1532;39580;DPL
1532;43391;DPL
1532;44564;DPL
1629;44834;DPL
1129;59269;DPL
2182;19509;DPL
2182;26283;DPL
33;63837;DPL
33;6359;DPL
2004;63003;DPL
2004;59279;DPL
2004;55603;DPL
1395;31317;DPL
2055;19769;DPL
1869;56372;DPL
1869;4078;DPL
1869;39749;DPL
1869;57004;DPL
1869;51994;DPL
1869;49477;DPL
1869;60230;DPL
1869;36003;DPL
1869;59244;DPL
1869;8178;DPL
1382;46764;DPL
1382;49665;DPL
2057;63684;DPL
1496;26078;DPL
1496;59770;DPL
1572;29515;DPL
1572;56383;DPL
1572;44313;DPL
1572;32729;DPL
1572;48519;DPL
2034;28530;DPL
2034;4685;DPL
2200;45100;DPL
2200;37777;DPL
1708;56524;DPL
72;40337;DPL
52;13469;DPL
52;8980;DPL
1271;5224;DPL
1726;60195;DPL
2058;41893;DPL
1205;2917;DPL
1205;15522;DPL
62;29071;DPL
62;32597;DPL
253;34994;DPL
253;31072;DPL
253;5891;DPL
2116;29403;DPL
1204;39616;DPL
1204;42925;DPL
1204;61291;DPL
1243;57251;DPL
203;12382;DPL
203;6135;DPL
203;15063;DPL
1933;62423;DPL
1933;58641;DPL
1093;23098;DPL
1093;30083;DPL
1093;19018;DPL
1093;4863;DPL
1093;12370;DPL
1093;15061;DPL
1668;27165;DPL
2071;16472;DPL
1980;61030;DPL
1980;7507;DPL
1980;55624;DPL
1980;59206;DPL
1980;3461;DPL
1980;50336;DPL
1209;65276;DPL
1209;63070;DPL
1209;55761;DPL
1209;58880;DPL
1209;5520;DPL
1209;53592;DPL
2016;43116;DPL
2084;10406;DPL
2084;52031;DPL
2234;27778;DPL
2234;38289;DPL
2234;41684;DPL
1200;60317;DPL
1200;2719;DPL
2137;36405;DPL
208;22645;DPL
1069;30814;DPL
1069;31324;DPL
1693;52238;DPL
1693;48888;DPL
1664;31276;DPL
1245;53346;DPL
1245;54459;DPL
2089;65094;DPL
2093;15738;DPL
2228;32608;DPL
1653;47962;DPL
1653;55895;DPL
1653;7152;DPL
1605;60769;DPL
1605;63182;DPL
1741;46163;DPL
1741;35447;DPL
1741;6371;DPL
1483;53258;DPL
709;55470;DPL
184;29491;DPL
184;62440;DPL
184;52378;DPL
202;9303;DPL
22;41587;DPL
64;49861;DPL
118;66527;DPL
2599;42308;DPL
2616;3891;DPL
2616;60175;DPL
1981;39930;DPL
1901;13104;DPL
1878;41422;DPL
1952;60716;DPL
2595;19836;DPL
2595;24939;DPL
506;49049;DPL
506;64863;DPL
871;21343;DPL
642;58105;DPL
642;18389;DPL
642;11890;DPL
685;20716;DPL
685;58015;DPL
380;25831;DPL
380;22485;DPL
752;9674;DPL
1834;43357;DPL
2581;37249;DPL
1917;16199;DPL
848;12261;DPL
981;23708;DPL
670;37093;DPL
670;7540;DPL
670;13812;DPL
670;5443;DPL
670;16051;DPL
111;8620;DPL
111;31798;DPL
1942;9339;DPL
1942;66190;DPL
307;5114;DPL
525;54108;DPL
525;23145;DPL
525;62301;DPL
525;38201;DPL
525;17797;DPL
730;31117;DPL
730;3885;DPL
730;23631;DPL
730;43822;DPL
730;19946;DPL
578;37407;DPL
578;38217;DPL
515;5853;DPL
515;15487;DPL
515;10506;DPL
515;34978;DPL
518;44780;DPL
518;57149;DPL
518;35286;DPL
178;25846;DPL
178;25639;DPL
178;32392;DPL
178;6903;DPL
692;56828;DPL
692;31042;DPL
692;14938;DPL
692;60061;DPL
239;66194;DPL
207;9454;DPL
1011;43639;DPL
1011;23874;DPL
1011;65632;DPL
1011;54339;DPL
198;46616;DPL
198;64313;DPL
547;51077;DPL
547;22751;DPL
547;46539;DPL
989;10943;DPL
989;54669;DPL
8;61502;DPL
8;43364;DPL
1949;36071;DPL
442;41954;DPL
442;31227;DPL
442;13509;DPL
690;14709;DPL
690;31834;DPL
632;5500;DPL
632;19848;DPL
632;34086;DPL
385;24066;DPL
385;58916;DPL
385;19150;DPL
385;30929;DPL
385;17848;DPL
385;9281;DPL
476;27135;DPL
476;20317;DPL
476;23181;DPL
358;6291;DPL
358;8486;DPL
358;42494;DPL
784;18857;DPL
370;36533;DPL
370;63180;DPL
1993;64998;DPL
812;30063;DPL
667;12307;DPL
649;8250;DPL
857;13335;DPL
857;18537;DPL
755;34180;DPL
392;24614;DPL
392;18652;DPL
656;4015;DPL
843;47600;DPL
843;40504;DPL
843;45532;DPL
843;32111;DPL
843;10109;DPL
807;15100;DPL
807;44750;DPL
402;47339;DPL
282;33660;DPL
282;22997;DPL
282;49698;DPL
282;25554;DPL
1835;3803;DPL
607;60057;DPL
607;3664;DPL
363;54152;DPL
363;55893;DPL
128;26947;DPL
489;7268;DPL
489;15078;DPL
643;55156;DPL
415;42265;DPL
415;51325;DPL
415;64603;DPL
415;35816;DPL
415;22079;DPL
415;49647;DPL
1008;38216;DPL
1008;8680;DPL
1008;46890;DPL
1008;41833;DPL
716;47935;DPL
716;59407;DPL
716;11706;DPL
595;53373;DPL
595;14058;DPL
334;62379;DPL
334;41082;DPL
238;55410;DPL
2608;58547;DPL
2608;9039;DPL
2608;66473;DPL
2608;51903;DPL
2608;37711;DPL
110;39101;DPL
199;51611;DPL
1968;40216;DPL
1861;5483;DPL
2579;58202;DPL
2579;24906;DPL
36;3346;DPL
761;30384;DPL
19;60633;DPL
19;43666;DPL
19;42941;DPL
19;31011;DPL
19;44005;DPL
204;10775;DPL
429;2783;DPL
362;16908;DPL
362;6150;DPL
346;15493;DPL
346;57308;DPL
740;27088;DPL
459;39455;DPL
459;48613;DPL
275;25359;DPL
173;48050;DPL
1999;44475;DPL
1999;28185;DPL
2574;40429;DPL
640;65634;DPL
640;64303;DPL
581;23649;DPL
581;55745;DPL
779;17529;DPL
617;42586;DPL
566;52429;DPL
566;45317;DPL
566;62741;DPL
566;65057;DPL
566;56390;DPL
566;30535;DPL
566;42335;DPL
566;43564;DPL
566;32664;DPL
566;25035;DPL
566;11118;DPL
566;13751;DPL
566;51451;DPL
566;38501;DPL
973;52863;DPL
1886;22893;DPL
979;65353;DPL
591;56744;DPL
591;54660;DPL
142;2987;DPL
1957;55145;DPL
388;15369;DPL
388;5841;DPL
388;11598;DPL
388;19452;DPL
30;26073;DPL
231;16992;DPL
302;9053;DPL
549;42104;DPL
549;39296;DPL
659;36626;DPL
659;31791;DPL
659;5478;DPL
538;65781;DPL
538;64201;DPL
486;43204;DPL
486;50898;DPL
486;46879;DPL
486;25300;DPL
732;66754;DPL
85;5476;DPL
375;59600;DPL
45;44936;DPL
236;6224;DPL
236;23061;DPL
535;18816;DPL
657;24941;DPL
427;49791;DPL
427;47512;DPL
743;55449;DPL
832;35692;DPL
832;47761;DPL
832;65766;DPL
832;35944;DPL
832;62939;DPL
1840;57049;DPL
723;26456;DPL
969;26325;DPL
969;19156;DPL
1995;59452;DPL
1888;34684;DPL
915;14449;DPL
915;39532;DPL
885;25994;DPL
727;56206;DPL
727;15581;DPL
227;52538;DPL
654;48350;DPL
409;13235;DPL
774;7048;DPL
408;48820;DPL
408;56306;DPL
408;66640;DPL
799;58321;DPL
799;45850;DPL
799;51542;DPL
799;50440;DPL
799;62770;DPL
799;43505;DPL
467;4361;DPL
467;17840;DPL
414;56128;DPL
414;60103;DPL
271;4824;DPL
1972;21801;DPL
853;3023;DPL
853;14769;DPL
914;52720;DPL
850;39176;DPL
850;46556;DPL
850;13708;DPL
753;61618;DPL
753;60154;DPL
753;47118;DPL
753;51481;DPL
268;26973;DPL
268;21399;DPL
268;61524;DPL
158;65177;DPL
158;53296;DPL
2;66308;DPL
601;49579;DPL
601;10863;DPL
396;41762;DPL
431;19266;DPL
431;37817;DPL
431;43187;DPL
431;29736;DPL
512;4725;DPL
512;7941;DPL
851;65438;DPL
837;38856;DPL
837;42216;DPL
28;62618;DPL
497;29396;DPL
497;55004;DPL
55;54063;DPL
55;52771;DPL
133;62302;DPL
372;60144;DPL
554;21454;DPL
554;29717;DPL
554;61401;DPL
554;18745;DPL
1969;43969;DPL
106;56573;DPL
892;57667;DPL
584;32448;DPL
584;19914;DPL
584;18181;DPL
584;40904;DPL
584;14119;DPL
584;27732;DPL
584;29874;DPL
584;45897;DPL
584;24090;DPL
865;28722;DPL
562;3652;DPL
436;18426;DPL
456;9909;DPL
456;51873;DPL
456;11677;DPL
456;49520;DPL
456;20773;DPL
456;14139;DPL
487;55243;DPL
487;58964;DPL
487;65409;DPL
487;64259;DPL
487;11737;DPL
95;30199;DPL
693;54685;DPL
693;58059;DPL
693;13301;DPL
574;10542;DPL
574;37739;DPL
699;6225;DPL
444;29791;DPL
927;29896;DPL
797;48287;DPL
718;40044;DPL
264;32610;DPL
609;20117;DPL
609;25895;DPL
609;21752;DPL
609;28852;DPL
17;34865;DPL
996;17257;DPL
1859;66368;DPL
646;45829;DPL
646;45560;DPL
1906;42994;DPL
978;63060;DPL
978;42824;DPL
249;2808;DPL
99;60965;DPL
99;51970;DPL
1976;26271;DPL
1976;31130;DPL
1976;19997;DPL
1990;43999;DPL
1973;43999;DPL
531;54906;DPL
531;5911;DPL
531;34243;DPL
531;33732;DPL
531;30987;DPL
589;13209;DPL
589;15915;DPL
123;16190;DPL
123;4436;DPL
983;35976;DPL
983;44251;DPL
2593;48280;DPL
465;28986;DPL
465;8338;DPL
465;26213;DPL
543;10616;DPL
543;57726;DPL
555;65493;DPL
555;60471;DPL
1916;30390;DPL
337;55943;DPL
1904;41474;DPL
38;14504;DPL
38;19564;DPL
113;19564;DPL
325;48355;DPL
187;48355;DPL
5;7593;DPL
79;48355;DPL
1893;48355;DPL
448;10151;DPL
448;17249;DPL
625;45192;DPL
625;41066;DPL
625;25069;DPL
625;58936;DPL
625;33284;DPL
130;12011;DPL
130;59197;DPL
778;52978;DPL
778;33536;DPL
500;20108;DPL
500;65505;DPL
500;24149;DPL
500;45736;DPL
680;30294;DPL
652;45877;DPL
652;62178;DPL
652;42291;DPL
734;34719;DPL
352;33012;DPL
352;17901;DPL
352;26956;DPL
1946;37550;DPL
1946;59425;DPL
1882;13933;DPL
1965;58897;DPL
119;33431;DPL
119;25798;DPL
31;65534;DPL
31;30104;DPL
179;43022;DPL
721;36288;DPL
259;53146;DPL
782;4069;DPL
782;20007;DPL
218;12256;DPL
806;9965;DPL
806;30308;DPL
806;37845;DPL
529;41313;DPL
826;44170;DPL
830;30070;DPL
406;30591;DPL
406;10319;DPL
406;52032;DPL
994;66522;DPL
994;59681;DPL
994;19572;DPL
994;49223;DPL
994;53283;DPL
994;64102;DPL
994;28618;DPL
994;50683;DPL
994;10654;DPL
994;33146;DPL
994;19641;DPL
994;23779;DPL
994;39623;DPL
342;19287;DPL
1924;51420;DPL
558;52782;DPL
1910;52359;DPL
1873;57097;DPL
310;32915;DPL
604;35120;DPL
604;46791;DPL
713;17412;DPL
775;25841;DPL
585;39916;DPL
585;66201;DPL
585;40716;DPL
746;43757;DPL
262;5265;DPL
735;31857;DPL
26;18949;DPL
1002;64268;DPL
790;28657;DPL
790;20177;DPL
790;40758;DPL
816;20746;DPL
802;22631;DPL
802;64889;DPL
802;29050;DPL
972;46948;DPL
795;41380;DPL
633;8166;DPL
633;60485;DPL
571;41646;DPL
571;65953;DPL
11;18643;DPL
11;28813;DPL
13;30245;DPL
1939;42321;DPL
1939;51258;DPL
705;35383;DPL
457;60054;DPL
457;62217;DPL
69;18973;DPL
1879;49226;DPL
612;55602;DPL
612;6560;DPL
612;3242;DPL
612;56982;DPL
681;42633;DPL
191;43546;DPL
292;37327;DPL
292;39045;DPL
2609;31047;DPL
58;46191;DPL
58;50672;DPL
58;22721;DPL
58;12766;DPL
382;25616;DPL
793;20247;DPL
793;24293;DPL
323;36571;DPL
323;23021;DPL
323;45624;DPL
323;41029;DPL
883;44562;DPL
209;10118;DPL
209;38570;DPL
1908;47881;DPL
501;61494;DPL
501;33807;DPL
283;15993;DPL
283;9470;DPL
92;18568;DPL
92;26337;DPL
671;42366;DPL
923;62116;DPL
923;66855;DPL
923;7777;DPL
137;27278;DPL
588;8726;DPL
588;5546;DPL
600;33897;DPL
600;30941;DPL
144;6749;DPL
144;23306;DPL
312;18614;DPL
47;57212;DPL
47;12083;DPL
433;25072;DPL
433;49237;DPL
869;65345;DPL
1930;61486;DPL
1930;49183;DPL
1883;10709;DPL
635;55304;DPL
635;13839;DPL
1998;49302;DPL
1998;28128;DPL
992;17347;DPL
2606;52150;DPL
2606;4986;DPL
2606;12155;DPL
540;41186;DPL
540;44325;DPL
570;45700;DPL
570;50545;DPL
570;25092;DPL
570;46088;DPL
570;18054;DPL
570;37089;DPL
570;63358;DPL
514;24452;DPL
1006;15229;DPL
1006;49178;DPL
1006;10628;DPL
770;61038;DPL
163;15166;DPL
2587;26260;DPL
2587;61962;DPL
88;5381;DPL
366;22339;DPL
366;26321;DPL
366;26872;DPL
366;20895;DPL
390;37912;DPL
390;51017;DPL
367;46410;DPL
367;50494;DPL
367;63458;DPL
367;37924;DPL
1911;55893;DPL
1984;39713;DPL
510;12822;DPL
510;16403;DPL
620;39526;DPL
523;21240;DPL
1963;34768;DPL
1963;33935;DPL
422;39972;DPL
1919;3661;DPL
1892;48864;DPL
520;53502;DPL
74;15555;DPL
827;27493;DPL
827;32957;DPL
863;56267;DPL
863;43027;DPL
863;28197;DPL
648;24296;DPL
925;5730;DPL
925;9377;DPL
1988;26948;DPL
868;53653;DPL
868;57457;DPL
868;44814;DPL
868;9532;DPL
868;14658;DPL
1944;4358;DPL
51;39552;DPL
9;19221;DPL
1937;23839;DPL
439;22550;DPL
439;60136;DPL
279;58817;DPL
279;13905;DPL
293;37691;DPL
293;64038;DPL
1876;57786;DPL
1876;9626;DPL
452;34303;DPL
452;30267;DPL
495;53754;DPL
495;57881;DPL
495;61898;DPL
676;33327;DPL
920;23210;DPL
920;26889;DPL
920;34496;DPL
1889;43276;DPL
1889;64769;DPL
1889;36299;DPL
879;66091;DPL
332;26638;DPL
332;30784;DPL
332;37748;DPL
350;22791;DPL
350;20571;DPL
287;64913;DPL
287;56194;DPL
39;62959;DPL
384;35830;DPL
1019;12975;DPL
787;11955;DPL
835;56158;DPL
703;9821;DPL
663;49401;DPL
766;6019;DPL
725;44069;DPL
233;50355;DPL
738;44753;DPL
552;21774;DPL
677;6325;DPL
563;21525;DPL
493;16276;DPL
493;41387;DPL
1024;42029;DPL
339;46754;DPL
403;35326;DPL
403;27086;DPL
874;24417;DPL
719;19639;DPL
878;57385;DPL
397;46771;DPL
424;51717;DPL
424;55066;DPL
424;63479;DPL
125;35011;DPL
125;19204;DPL
290;40885;DPL
290;56616;DPL
629;42117;DPL
576;51210;DPL
491;21159;DPL
491;29625;DPL
491;20313;DPL
875;7870;DPL
988;5659;DPL
148;41171;DPL
223;61882;DPL
615;57932;DPL
615;5237;DPL
748;10731;DPL
211;61498;DPL
211;42541;DPL
211;49951;DPL
819;61046;DPL
819;40313;DPL
135;59963;DPL
135;55085;DPL
135;63435;DPL
841;6431;DPL
542;41835;DPL
834;39594;DPL
614;66286;DPL
614;9695;DPL
614;62272;DPL
161;25407;DPL
182;40530;DPL
418;14343;DPL
418;3052;DPL
418;10696;DPL
758;13596;DPL
758;16180;DPL
758;52000;DPL
758;47958;DPL
2598;8182;DPL
2598;3911;DPL
172;34819;DPL
810;54884;DPL
759;41993;DPL
674;33967;DPL
674;45127;DPL
674;34001;DPL
674;42164;DPL
674;10125;DPL
559;13085;DPL
559;10180;DPL
41;41539;DPL
41;46221;DPL
445;5950;DPL
256;25176;DPL
2591;9264;DPL
1985;51455;DPL
1898;44383;DPL
1837;47982;DPL
917;37698;DPL
917;5637;DPL
637;36653;DPL
922;29753;DPL
922;5751;DPL
922;10483;DPL
922;19213;DPL
922;30885;DPL
922;26216;DPL
963;29839;DPL
963;34529;DPL
230;3428;DPL
230;6746;DPL
683;64461;DPL
453;35177;DPL
453;26427;DPL
2602;30975;DPL
2602;26768;DPL
2602;20750;DPL
893;54743;DPL
893;65489;DPL
1961;16571;DPL
195;21329;DPL
246;2642;DPL
1003;22556;DPL
131;14355;DPL
131;34992;DPL
248;15722;DPL
107;45026;DPL
107;44306;DPL
107;27416;DPL
450;47402;DPL
450;35845;DPL
450;23132;DPL
450;37996;DPL
450;22348;DPL
450;56655;DPL
139;48742;DPL
139;43956;DPL
750;14638;DPL
750;4138;DPL
750;47882;DPL
750;51877;DPL
750;65654;DPL
1857;6852;DPL
1857;38492;DPL
1948;17534;DPL
1948;12929;DPL
336;21826;DPL
336;52397;DPL
226;63153;DPL
226;39510;DPL
226;63856;DPL
226;57137;DPL
226;43117;DPL
707;26909;DPL
594;34449;DPL
594;49925;DPL
688;40997;DPL
688;9642;DPL
688;35305;DPL
860;28797;DPL
665;35634;DPL
697;10147;DPL
285;17918;DPL
285;15585;DPL
257;32023;DPL
257;27699;DPL
257;21219;DPL
214;64113;DPL
839;64565;DPL
300;22567;DPL
300;29087;DPL
300;33150;DPL
1979;26952;DPL
1979;3930;DPL
695;15930;DPL
803;65684;DPL
71;41449;DPL
2576;35681;DPL
298;54483;DPL
298;16037;DPL
298;5522;DPL
298;9704;DPL
298;57246;DPL
1009;50764;DPL
49;63781;DPL
149;62884;DPL
34;58166;DPL
899;34436;DPL
899;19324;DPL
75;54255;DPL
845;53705;DPL
882;36123;DPL
103;39599;DPL
103;54809;DPL
306;27027;DPL
998;58788;DPL
786;53661;DPL
67;55094;DPL
67;16938;DPL
67;10155;DPL
474;36061;DPL
474;40878;DPL
1015;38288;DPL
355;33978;DPL
791;4588;DPL
763;35109;DPL
2249;56527;DPL
2249;58901;DPL
2249;12162;DPL
2370;27588;DPL
2370;51394;DPL
2349;28516;DPL
2335;11851;DPL
2335;17456;DPL
2254;27584;DPL
2268;20916;DPL
2268;49089;DPL
2328;20917;DPL
2266;32114;DPL
2266;7749;DPL
960;30047;DPL
2366;10853;DPL
2366;44935;DPL
2323;65952;DPL
2315;16534;DPL
2369;66560;DPL
2369;42662;DPL
2305;5887;DPL
2305;28289;DPL
2338;58648;DPL
2267;31438;DPL
2267;65522;DPL
2267;43886;DPL
940;19331;DPL
2376;54887;DPL
2376;56708;DPL
2376;4659;DPL
2376;52797;DPL
2376;30649;DPL
2376;5072;DPL
2365;17379;DPL
2365;48968;DPL
2310;17944;DPL
2310;54362;DPL
2310;58312;DPL
2310;13345;DPL
2253;58312;DPL
942;25333;DPL
942;18979;DPL
942;16429;DPL
942;13560;DPL
2375;21229;DPL
2375;31884;DPL
2375;55474;DPL
2375;13183;DPL
2375;52407;DPL
2250;8886;DPL
2258;33738;DPL
2263;15975;DPL
906;41842;DPL
906;48006;DPL
907;38393;DPL
2334;62348;DPL
2334;65878;DPL
2308;35548;DPL
935;4914;DPL
2275;39963;DPL
2299;65644;DPL
2299;24201;DPL
2299;38117;DPL
2299;33296;DPL
2278;26438;DPL
2278;13790;DPL
2278;57078;DPL
2278;5794;DPL
2278;9955;DPL
2278;31298;DPL
2278;18443;DPL
2313;31733;DPL
2313;6910;DPL
2364;40227;DPL
2364;46934;DPL
2364;14147;DPL
2321;32661;DPL
2321;24556;DPL
2321;2878;DPL
2321;29601;DPL
2321;7945;DPL
2321;30088;DPL
2270;4807;DPL
2270;58094;DPL
2270;34744;DPL
2319;15660;DPL
910;57565;DPL
910;40928;DPL
2359;15279;DPL
2346;59055;DPL
2330;33628;DPL
2330;56083;DPL
2324;61606;DPL
934;35465;DPL
2355;11418;DPL
2345;65826;DPL
2345;56367;DPL
2264;13215;DPL
2264;9694;DPL
2264;4455;DPL
2333;28928;DPL
2333;58070;DPL
2333;17376;DPL
2333;4403;DPL
2333;45362;DPL
2333;8262;DPL
2333;11066;DPL
2277;32138;DPL
2277;4483;DPL
2277;13132;DPL
2269;54770;DPL
2269;8951;DPL
2269;17802;DPL
938;42815;DPL
2252;40595;DPL
2256;36466;DPL
2374;7424;DPL
2374;12556;DPL
2374;65390;DPL
955;51690;DPL
955;48851;DPL
955;15112;DPL
955;64760;DPL
955;58540;DPL
2265;44797;DPL
2265;29232;DPL
2318;48119;DPL
2318;35271;DPL
2318;61024;DPL
2318;47435;DPL
2356;40341;DPL
2356;46999;DPL
2356;45147;DPL
2356;9094;DPL
2356;48594;DPL
912;43418;DPL
2373;30191;DPL
2373;25652;DPL
2373;3541;DPL
2322;51145;DPL
2322;40068;DPL
2259;60908;DPL
946;34238;DPL
2251;31369;DPL
2336;24093;DPL
952;16324;DPL
952;26774;DPL
957;50642;DPL
2279;20671;DPL
2326;42985;DPL
2297;66869;DPL
2361;61484;DPL
2361;2724;DPL
2307;27204;DPL
2325;58011;DPL
2316;39230;DPL
2316;64540;DPL
2342;14079;DPL
2312;32709;DPL
2274;13342;DPL
2274;4584;DPL
903;22259;DPL
2351;17786;DPL
2351;51292;DPL
2344;66456;DPL
954;9957;DPL
2317;52166;DPL
2317;55600;DPL
2362;59158;DPL
2329;58760;DPL
2276;63952;DPL
2276;32503;DPL
2276;4791;DPL
2276;60638;DPL
2339;21326;DPL
2353;38794;DPL
2353;64421;DPL
2272;24734;DPL
2272;16333;DPL
2272;13367;DPL
2341;4732;DPL
930;9029;DPL
2354;58356;DPL
932;39682;DPL
932;45978;DPL
2327;38450;DPL
2261;37382;DPL
2262;60444;DPL
2262;62264;DPL
2262;50221;DPL
2320;41677;DPL
2332;53138;DPL
2301;31044;DPL
2301;21880;DPL
2314;27394;DPL
2280;26349;DPL
2280;28209;DPL
2309;8813;DPL
2309;5159;DPL
2273;54671;DPL
2360;7098;DPL
2306;12654;DPL
2271;37543;DPL
2298;55363;DPL
2340;25453;DPL
2302;53023;DPL
2302;54878;DPL
2302;13229;DPL
2260;64096;DPL
2368;24718;DPL
2368;28790;DPL
2257;25355;DPL
2257;35307;DPL
2357;24697;DPL
2358;47316;DPL
2304;39090;DPL
2304;18219;DPL
2304;37172;DPL
2304;31038;DPL
2304;32956;DPL
2304;41224;DPL
2304;45304;DPL
2304;24687;DPL
2337;34313;DPL
950;33845;DPL
943;13986;DPL
902;23757;DPL
2347;56659;DPL
2347;59128;DPL
2347;38132;DPL
2300;44850;DPL
2372;3319;DPL
2372;7129;DPL
2352;41498;DPL
2352;32758;DPL
2352;33980;DPL
2352;41203;DPL
2352;37593;DPL
948;6305;DPL
2363;54364;DPL
2363;14657;DPL
2311;56408;DPL
2311;27815;DPL
2350;19890;DPL
2350;42349;DPL
2350;37960;DPL
2303;59729;DPL
2303;59247;DPL
2303;64538;DPL
2371;29486;DPL
2348;47887;DPL
2348;49480;DPL
2367;64054;DPL
2367;48130;DPL
2367;23186;DPL
2283;25684;DPL
2521;17698;DPL
2521;28240;DPL
2521;64987;DPL
2425;24345;DPL
2425;29392;DPL
2425;62659;DPL
2540;36652;DPL
2458;18965;DPL
2443;23605;DPL
2443;48985;DPL
2443;65811;DPL
2441;58580;DPL
2522;65005;DPL
2522;27073;DPL
2470;60486;DPL
2470;37753;DPL
2512;39770;DPL
2471;66026;DPL
2418;60388;DPL
2520;54324;DPL
2520;27999;DPL
2444;53371;DPL
2377;4433;DPL
2484;60354;DPL
2528;55009;DPL
2528;33262;DPL
2528;57872;DPL
2528;62745;DPL
2528;17066;DPL
2296;36185;DPL
2400;8604;DPL
2391;25593;DPL
2534;8480;DPL
2534;60922;DPL
2534;24878;DPL
2534;56903;DPL
2534;56763;DPL
2534;6954;DPL
2534;4302;DPL
2534;44424;DPL
2534;63400;DPL
2534;20733;DPL
2564;31056;DPL
2564;19979;DPL
2564;48046;DPL
2564;23683;DPL
2564;47084;DPL
2544;43705;DPL
2513;43984;DPL
2513;48744;DPL
2526;29655;DPL
2414;65737;DPL
2399;50472;DPL
2399;41192;DPL
2399;41106;DPL
2281;30705;DPL
2477;16862;DPL
2565;14290;DPL
2565;10128;DPL
2416;42863;DPL
2416;50752;DPL
2416;35639;DPL
2416;47267;DPL
2378;9071;DPL
2498;13048;DPL
2396;29069;DPL
2476;10122;DPL
2395;37129;DPL
2541;35191;DPL
2527;45471;DPL
2397;13633;DPL
2397;30928;DPL
2501;37342;DPL
2422;28922;DPL
2422;3363;DPL
2427;54704;DPL
2427;58165;DPL
2496;31351;DPL
2496;63971;DPL
2496;58175;DPL
2496;53090;DPL
2284;11689;DPL
2457;30060;DPL
2465;60924;DPL
2465;39712;DPL
2465;63569;DPL
2495;37390;DPL
2282;31435;DPL
2282;42797;DPL
2420;55016;DPL
2393;5020;DPL
2464;35301;DPL
2472;49304;DPL
2288;16929;DPL
2542;24998;DPL
2483;4306;DPL
2537;59690;DPL
2411;17532;DPL
2480;32932;DPL
2538;52458;DPL
2463;28694;DPL
2552;51414;DPL
2504;48335;DPL
2504;4505;DPL
2553;39071;DPL
2553;11612;DPL
2440;33007;DPL
2531;16463;DPL
2518;21780;DPL
2433;22467;DPL
2294;43306;DPL
2294;59997;DPL
2294;10195;DPL
2515;29279;DPL
2502;15306;DPL
2434;57542;DPL
2434;30428;DPL
2445;39883;DPL
2398;22801;DPL
2449;8218;DPL
2469;49045;DPL
2292;49310;DPL
2292;3106;DPL
2485;25542;DPL
2289;46115;DPL
2385;34895;DPL
2556;51235;DPL
2401;34101;DPL
2401;60866;DPL
2405;13665;DPL
2455;52200;DPL
2394;28143;DPL
2539;30273;DPL
2539;37621;DPL
2539;4850;DPL
2539;15692;DPL
2539;56585;DPL
2539;11908;DPL
2550;33006;DPL
2550;3760;DPL
2550;61624;DPL
2550;45318;DPL
2550;24346;DPL
2550;25792;DPL
2550;9554;DPL
2550;39968;DPL
2409;34349;DPL
2409;54650;DPL
2456;55262;DPL
2456;66678;DPL
2456;58907;DPL
2467;60748;DPL
2291;20998;DPL
2291;47165;DPL
2291;50001;DPL
2435;31499;DPL
2437;64452;DPL
2517;12613;DPL
2379;41592;DPL
2530;62805;DPL
2287;3203;DPL
2287;14559;DPL
2447;21109;DPL
2447;47756;DPL
2442;53367;DPL
2419;12441;DPL
2439;4075;DPL
2466;53421;DPL
2468;12398;DPL
2468;26686;DPL
2468;5191;DPL
2468;30815;DPL
2468;54644;DPL
2482;55834;DPL
2482;66811;DPL
2388;17755;DPL
2389;63693;DPL
2389;62414;DPL
2389;26906;DPL
2558;24886;DPL
2519;3691;DPL
2519;59352;DPL
2519;33353;DPL
2519;29271;DPL
2519;21995;DPL
2510;4117;DPL
2510;8069;DPL
2510;12047;DPL
2546;7323;DPL
2567;30327;DPL
2406;20381;DPL
2403;63928;DPL
2430;25227;DPL
2430;63929;DPL
2430;61812;DPL
2384;15818;DPL
2384;41784;DPL
2384;9355;DPL
2524;62662;DPL
2524;54048;DPL
2524;60518;DPL
2489;17054;DPL
2383;32373;DPL
2473;56178;DPL
2562;36780;DPL
2290;52386;DPL
2290;66460;DPL
2290;45088;DPL
2381;41996;DPL
2479;62394;DPL
2561;5495;DPL
2561;47966;DPL
2561;52471;DPL
2561;11404;DPL
2380;50117;DPL
2380;20379;DPL
2412;15704;DPL
2412;52486;DPL
2412;6204;DPL
2412;56284;DPL
2293;54348;DPL
2481;54610;DPL
2481;49053;DPL
2481;21572;DPL
2481;56984;DPL
2481;43990;DPL
2453;39901;DPL
2497;51901;DPL
2461;3549;DPL
2461;30221;DPL
2461;37669;DPL
2461;19531;DPL
2295;31934;DPL
2295;27332;DPL
2421;21618;DPL
2516;44267;DPL
2516;65236;DPL
2436;55466;DPL
2436;52302;DPL
2436;12099;DPL
2454;55008;DPL
2486;61478;DPL
2415;15052;DPL
2402;53501;DPL
2514;62861;DPL
2514;65180;DPL
2514;37759;DPL
2446;44068;DPL
2451;60999;DPL
2451;59262;DPL
2428;30019;DPL
2428;25118;DPL
2387;13161;DPL
2387;8376;DPL
2387;16032;DPL
2474;41607;DPL
2535;11998;DPL
2535;16546;DPL
2507;16565;DPL
2426;20078;DPL
2462;5603;DPL
2525;22269;DPL
2525;21163;DPL
2525;32057;DPL
2525;17999;DPL
2525;44008;DPL
2382;41161;DPL
2382;17847;DPL
2382;17672;DPL
2382;53104;DPL
2382;12741;DPL
2410;38376;DPL
2543;5799;DPL
2543;64081;DPL
2543;35174;DPL
2423;61990;DPL
2423;20873;DPL
2548;49196;DPL
2548;15565;DPL
2499;40484;DPL
2499;5835;DPL
2499;34350;DPL
2499;20925;DPL
2506;28242;DPL
2506;42220;DPL
2494;12338;DPL
2494;49326;DPL
2494;27501;DPL
2494;49936;DPL
2494;45648;DPL
2450;32628;DPL
2491;37842;DPL
2491;27312;DPL
2491;13777;DPL
2491;8847;DPL
2491;13731;DPL
2491;29841;DPL
2554;20869;DPL
2554;39119;DPL
2554;51551;DPL
2566;56789;DPL
2566;10328;DPL
2509;36712;DPL
2509;65559;DPL
2286;15198;DPL
2286;7695;DPL
2286;5722;DPL
2488;44966;DPL
2429;38026;DPL
2429;46547;DPL
2429;50490;DPL
2448;23910;DPL
2452;51679;DPL
2500;65618;DPL
2438;9560;DPL
2560;29968;DPL
2432;35986;DPL
2490;3536;DPL
2490;55638;DPL
2490;14838;DPL
2490;31244;DPL
2490;12536;DPL
2475;22194;DPL
2404;14603;DPL
2404;58834;DPL
2404;12328;DPL
2459;16486;DPL
2459;49260;DPL
2508;3610;DPL
2508;8007;DPL
2508;33604;DPL
2508;34580;DPL
2417;62868;DPL
2532;29825;DPL
2532;46438;DPL
2532;34872;DPL
2431;4473;DPL
2413;42428;DPL
2413;47446;DPL
2529;34640;DPL
2529;57856;DPL
2529;55356;DPL
2503;23737;DPL
2503;5365;DPL
2503;34184;DPL
2536;42784;DPL
2487;56665;DPL
2549;54126;DPL
2547;53587;DPL
2547;58089;DPL
2547;10133;DPL
2407;52396;DPL
2407;60240;DPL
2505;14152;DPL
2505;10532;DPL
2492;64064;DPL
2555;6166;DPL
2460;12000;DPL
2478;54198;DPL
2557;19753;DPL
2523;39304;DPL
2523;15030;DPL
2408;49195;DPL
2285;33398;DPL
2285;25991;DPL
2285;18893;DPL
2392;32366;DPL